Generacion,k,e,aa,da,af,df,puntos
0,52,3,3,12,7,9,25
0,1,2,11,6,1,8,24
0,1,2,12,9,6,7,22
0,61,2,10,5,3,8,22
0,11,2,8,5,3,6,13
0,66,4,20,7,9,10,9
0,1,1,0,10,3,1,9
0,76,4,20,10,4,9,9
0,33,3,9,19,1,4,9
0,39,3,5,13,3,10,8
0,61,3,8,2,10,5,7
0,27,1,16,16,7,10,5
0,41,2,9,4,2,8,5
0,90,1,17,14,5,0,4
0,9,1,15,10,8,7,3
0,1,1,0,1,0,7,0
1,61,1,10,5,3,8,27
1,1,2,12,9,6,7,27
1,1,1,8,6,3,6,21
1,1,2,12,9,8,7,16
1,52,3,3,12,7,9,10
1,52,3,3,12,7,9,9
1,22,2,8,5,3,6,9
1,1,2,11,6,1,8,9
1,1,2,20,4,1,8,9
1,1,1,20,7,3,1,9
1,1,2,11,6,1,8,9
1,1,2,11,6,1,8,9
1,52,3,3,12,7,9,7
1,11,2,8,5,3,8,4
1,1,1,0,5,3,8,3
1,66,1,20,2,9,1,0
2,52,2,3,12,7,9,24
2,1,2,12,9,6,7,24
2,1,2,8,19,7,6,22
2,1,1,10,5,6,7,16
2,1,1,10,12,3,8,12
2,22,2,8,5,8,9,12
2,61,1,10,5,3,8,9
2,61,1,10,5,6,7,9
2,1,2,12,9,8,7,9
2,22,2,8,9,8,6,9
2,61,1,10,5,7,8,9
2,1,2,12,9,6,7,6
2,52,1,2,6,7,9,6
2,22,2,1,5,3,6,6
2,1,2,3,6,3,6,3
2,1,1,6,12,3,6,3
3,61,2,5,19,7,10,24
3,61,1,10,5,6,4,22
3,61,1,10,5,3,6,21
3,22,2,8,5,6,7,17
3,1,2,12,9,6,7,12
3,1,2,12,9,6,7,10
3,52,2,3,12,7,9,10
3,1,2,12,9,6,7,9
3,52,2,3,12,7,9,9
3,52,3,3,12,7,9,9
3,1,3,8,12,3,8,7
3,22,1,10,5,6,7,6
3,1,2,8,5,8,9,6
3,22,1,8,5,3,9,6
3,61,1,10,5,6,7,4
3,1,1,4,19,3,8,2
4,1,2,12,9,7,7,25
4,61,2,10,5,7,4,24
4,61,2,10,19,6,10,23
4,22,2,3,5,7,9,13
4,1,2,12,9,6,7,12
4,1,2,12,9,6,7,12
4,61,1,10,5,6,4,9
4,61,2,5,19,7,10,9
4,1,2,12,5,6,7,8
4,61,1,10,5,9,9,8
4,1,2,6,12,3,7,8
4,61,3,10,5,3,4,6
4,1,2,12,5,6,7,4
4,52,2,8,12,7,7,4
4,61,4,10,19,7,5,4
4,61,2,19,5,7,6,3
5,1,2,10,9,6,9,27
5,1,2,12,9,6,9,24
5,61,1,12,5,6,7,22
5,1,2,12,9,7,7,21
5,1,2,12,19,6,7,15
5,61,2,10,5,7,4,12
5,1,2,12,9,7,7,12
5,1,2,10,19,6,7,10
5,1,2,10,9,6,7,10
5,61,2,10,5,7,4,6
5,61,2,12,19,6,10,6
5,1,2,10,9,6,4,6
5,81,2,18,5,7,4,3
5,1,2,12,9,7,5,3
5,22,2,3,5,7,9,1
5,22,2,3,0,7,9,0
6,1,2,10,9,6,9,30
6,61,1,12,9,6,7,27
6,1,1,12,9,7,7,20
6,25,2,10,5,6,7,13
6,1,2,10,9,6,9,12
6,1,2,12,4,7,7,12
6,1,2,12,13,6,7,12
6,1,2,12,9,6,9,9
6,1,3,12,9,6,7,7
6,47,2,12,5,6,6,6
6,61,2,10,9,7,7,6
6,68,2,8,16,7,7,6
6,1,4,10,9,6,9,6
6,1,2,12,9,6,9,6
6,1,2,12,9,6,7,6
6,61,2,10,9,7,4,0
7,1,2,10,9,6,9,30
7,61,1,12,9,6,7,22
7,61,2,12,9,6,7,21
7,1,2,12,13,6,7,18
7,1,2,10,9,6,9,15
7,61,1,12,9,6,7,12
7,1,2,12,4,7,7,10
7,1,2,10,4,6,9,9
7,1,1,10,9,7,9,9
7,25,1,10,9,6,7,9
7,1,2,12,5,6,7,6
7,1,2,10,9,5,7,6
7,1,2,12,9,7,9,6
7,61,4,12,9,7,7,3
7,1,2,10,9,6,9,3
7,25,2,12,13,6,7,0
8,55,2,12,4,7,7,28
8,61,1,12,9,6,7,22
8,1,2,10,9,6,9,21
8,1,2,10,9,6,9,18
8,61,2,12,9,6,7,12
8,1,2,10,9,6,9,10
8,61,1,12,9,6,7,10
8,2,2,12,13,6,7,9
8,24,1,20,9,6,7,9
8,1,2,12,4,6,9,7
8,61,2,12,9,7,7,6
8,61,4,12,13,6,7,6
8,1,2,10,9,2,7,6
8,1,2,12,13,6,7,6
8,1,2,1,9,6,7,4
8,1,2,10,9,10,9,3
9,1,2,10,9,6,9,27
9,1,2,10,9,6,9,24
9,1,2,10,9,6,9,21
9,61,1,12,12,8,7,20
9,61,1,12,9,6,7,12
9,55,2,12,4,6,7,10
9,61,1,12,9,6,7,9
9,55,2,12,9,7,7,9
9,61,1,12,9,6,7,9
9,55,2,12,4,7,7,7
9,1,2,10,15,6,9,6
9,61,3,12,9,6,7,6
9,61,2,12,9,6,7,6
9,61,2,12,9,6,9,6
9,61,1,12,9,3,9,3
9,61,1,8,4,8,7,3
10,98,2,12,4,6,7,30
10,61,1,10,9,6,3,27
10,1,2,10,9,6,9,21
10,1,2,10,9,6,9,15
10,61,1,12,12,8,7,12
10,61,1,12,12,8,7,9
10,1,2,10,9,6,9,9
10,1,2,10,9,6,9,9
10,1,2,10,9,6,9,9
10,100,2,10,9,6,7,9
10,61,4,12,9,6,7,6
10,61,1,10,18,6,9,6
10,1,3,10,19,6,9,6
10,55,1,12,4,6,7,6
10,93,1,18,9,6,7,3
10,75,2,12,9,6,9,3
11,1,2,10,9,6,9,24
11,61,1,10,9,6,3,24
11,1,2,10,9,6,9,24
11,98,2,12,12,8,5,13
11,98,2,12,4,6,7,12
11,1,2,10,9,6,9,12
11,1,2,12,12,8,7,10
11,98,1,12,4,8,7,9
11,61,1,10,9,6,3,9
11,61,1,10,9,6,3,9
11,61,1,12,12,6,7,9
11,61,3,0,12,6,7,6
11,1,2,10,15,6,7,6
11,61,1,12,12,4,7,5
11,1,3,11,9,6,9,3
11,1,1,10,16,6,9,3
12,1,2,10,9,6,9,27
12,1,2,10,9,6,9,27
12,1,1,12,12,8,3,21
12,1,2,10,9,6,9,15
12,1,2,10,9,6,9,15
12,1,2,10,9,1,9,15
12,1,2,10,9,8,9,12
12,61,1,10,9,6,3,12
12,61,2,12,9,6,5,9
12,1,2,12,9,6,7,6
12,58,2,1,9,8,5,6
12,98,2,12,9,6,3,6
12,98,2,12,8,6,5,3
12,53,2,12,12,8,5,3
12,98,3,12,18,6,5,3
12,1,2,10,9,6,4,0
13,1,2,10,9,6,9,24
13,1,2,10,9,6,9,22
13,1,2,10,9,8,9,21
13,1,2,10,9,6,9,21
13,1,2,10,9,6,9,12
13,1,2,10,9,6,9,12
13,1,1,12,12,6,3,12
13,1,2,10,9,6,10,10
13,1,2,18,9,6,9,9
13,1,2,10,9,1,9,9
13,1,2,10,9,8,3,9
13,1,2,10,12,8,9,6
13,1,2,2,9,8,9,5
13,1,1,12,15,6,9,3
13,1,2,10,9,6,4,3
13,1,3,10,9,6,9,0
14,1,1,13,9,6,3,33
14,77,2,10,9,6,9,19
14,1,2,12,9,6,9,18
14,1,2,10,9,6,9,18
14,1,2,10,9,6,9,13
14,1,2,10,9,6,9,12
14,1,2,10,9,6,9,12
14,1,2,10,9,6,9,12
14,96,2,16,9,5,9,9
14,5,2,10,9,6,9,7
14,1,2,10,9,8,9,7
14,1,2,6,9,6,9,5
14,1,2,1,9,6,9,5
14,1,2,10,9,6,3,3
14,1,4,12,9,6,9,3
14,1,4,12,9,6,9,0
15,1,1,13,9,6,3,36
15,1,2,10,9,6,9,24
15,1,2,10,9,6,9,24
15,95,2,10,9,6,9,15
15,77,2,10,9,6,9,12
15,77,2,10,9,6,9,9
15,1,2,10,9,6,9,9
15,1,3,10,9,6,9,9
15,1,2,10,9,6,9,9
15,1,2,12,17,6,9,6
15,1,2,12,9,3,9,6
15,77,3,13,9,6,9,6
15,1,1,13,9,6,9,6
15,1,2,9,9,6,9,3
15,1,2,10,9,6,3,3
15,1,2,10,9,3,9,3
16,1,1,13,9,6,3,33
16,1,1,13,9,6,3,33
16,64,2,10,9,6,9,15
16,77,2,10,9,6,9,15
16,77,2,10,9,6,9,12
16,1,2,10,9,8,9,12
16,1,2,10,9,6,9,12
16,1,1,10,9,6,9,9
16,95,2,4,16,6,9,8
16,1,2,10,9,6,9,6
16,1,2,10,9,6,9,6
16,95,2,10,9,6,9,6
16,1,2,10,9,6,9,4
16,77,2,10,9,6,10,4
16,1,1,10,20,6,9,3
16,77,2,13,9,4,9,0
17,1,1,10,9,6,4,24
17,1,1,13,9,6,3,24
17,1,1,13,9,6,3,21
17,1,1,10,9,6,8,18
17,77,2,10,15,6,9,12
17,1,2,13,9,6,3,12
17,1,1,13,9,6,3,9
17,1,1,13,9,6,9,9
17,1,1,10,9,6,3,9
17,77,2,17,9,6,9,9
17,77,2,10,9,6,9,6
17,67,2,10,9,8,9,6
17,1,2,13,9,6,9,6
17,1,2,2,9,8,9,6
17,28,2,13,9,6,9,6
17,64,2,10,9,6,5,3
18,1,2,13,9,6,7,30
18,77,2,10,6,6,3,21
18,1,2,13,9,6,3,18
18,1,3,13,9,6,4,18
18,1,2,13,9,6,4,12
18,77,2,13,15,6,3,12
18,77,2,13,7,6,3,9
18,1,1,10,9,6,8,9
18,1,3,10,9,6,10,9
18,1,1,12,9,6,3,9
18,1,1,10,9,6,3,9
18,1,1,13,9,6,8,6
18,1,1,10,9,6,4,6
18,1,1,13,9,6,3,6
18,1,1,13,9,6,3,3
18,1,1,13,9,6,3,3
19,1,2,13,9,6,7,30
19,77,2,13,6,6,7,30
19,1,2,13,9,6,7,27
19,77,2,13,15,6,3,12
19,1,2,13,9,6,4,9
19,1,2,10,9,6,3,9
19,77,1,13,20,6,3,9
19,1,3,13,19,6,3,9
19,1,2,13,9,6,3,9
19,77,2,10,6,6,3,6
19,1,2,13,9,6,3,6
19,1,2,13,9,6,4,6
19,77,2,10,6,6,3,6
19,77,2,10,7,6,3,6
19,1,2,13,9,6,4,6
19,77,3,13,9,6,0,0
20,77,2,13,6,6,7,30
20,1,2,13,9,6,7,24
20,77,2,13,6,6,7,21
20,1,2,13,9,6,7,15
20,77,2,18,15,6,3,15
20,77,2,13,6,6,3,12
20,77,4,13,15,6,3,12
20,77,2,13,6,6,7,9
20,77,2,13,9,6,4,9
20,77,2,13,9,6,4,9
20,1,2,13,9,6,7,9
20,1,2,6,9,6,4,9
20,1,2,13,9,6,3,3
20,1,1,13,5,6,7,3
20,77,1,13,20,6,7,0
20,1,1,13,9,6,3,0
21,1,2,13,9,6,8,33
21,1,2,13,9,6,7,24
21,1,2,13,9,2,7,15
21,1,2,13,9,6,7,15
21,77,4,15,15,6,3,12
21,77,2,13,6,6,7,9
21,77,2,13,15,6,7,9
21,77,2,13,8,6,7,9
21,77,2,13,15,6,3,9
21,77,2,13,19,6,7,9
21,1,2,13,9,6,7,9
21,77,2,11,6,6,7,9
21,77,2,13,6,6,7,9
21,77,2,18,6,9,3,6
21,1,2,13,9,3,7,3
21,1,1,13,9,6,7,0
22,1,2,13,9,6,8,33
22,77,2,13,9,6,7,21
22,77,4,10,9,6,8,21
22,1,2,13,9,6,7,18
22,1,2,13,9,6,8,15
22,1,2,13,9,6,7,12
22,1,2,13,9,2,7,12
22,77,4,15,9,6,7,9
22,77,2,13,15,5,7,9
22,1,2,13,9,6,7,9
22,77,2,13,15,6,7,6
22,1,2,17,15,6,7,6
22,1,4,13,9,6,7,3
22,77,2,13,6,6,7,3
22,77,4,15,15,2,3,3
22,1,4,13,15,6,3,0
23,1,2,13,9,6,8,27
23,1,2,13,19,8,7,24
23,77,4,5,9,6,8,22
23,1,4,10,9,6,8,16
23,1,2,13,9,6,8,12
23,1,2,13,9,2,3,9
23,1,2,13,9,6,7,9
23,77,2,13,9,6,7,9
23,77,2,13,9,6,7,9
23,77,4,10,9,6,4,6
23,77,4,13,9,6,8,6
23,1,2,13,9,2,7,6
23,1,3,13,9,6,8,6
23,1,2,13,9,3,7,6
23,1,2,13,9,6,7,6
23,77,2,13,9,6,7,6
24,1,2,13,9,6,8,30
24,1,2,13,9,6,8,30
24,77,4,13,9,8,8,19
24,1,4,13,9,2,8,15
24,1,2,13,19,8,7,12
24,1,2,13,9,3,8,9
24,77,4,13,9,2,3,9
24,1,2,13,19,2,7,9
24,1,2,13,9,6,7,9
24,77,2,5,9,10,3,9
24,1,2,13,9,6,7,9
24,1,2,6,20,6,8,8
24,1,2,13,19,8,3,4
24,1,4,13,9,6,3,3
24,1,2,10,9,6,4,3
24,1,4,13,9,6,6,0
25,1,2,13,9,8,8,27
25,1,2,13,9,8,7,27
25,1,2,13,9,6,8,21
25,1,2,13,9,6,8,15
25,77,4,13,9,2,8,12
25,1,4,13,9,2,7,12
25,1,2,13,9,6,8,12
25,1,2,13,19,3,8,9
25,1,2,13,9,6,8,9
25,1,4,4,9,8,8,9
25,23,4,4,9,8,8,9
25,77,4,13,9,3,8,6
25,77,4,13,9,5,8,6
25,77,4,13,19,8,3,3
25,1,2,13,9,10,8,3
25,77,4,13,9,2,8,0
26,1,2,13,9,8,7,24
26,1,2,13,9,6,9,24
26,1,2,13,9,8,8,24
26,1,2,13,9,8,8,21
26,1,2,13,9,6,8,15
26,1,2,13,9,6,10,15
26,96,2,13,9,8,7,15
26,66,2,13,9,6,8,10
26,1,1,13,9,8,7,9
26,1,4,13,9,8,7,6
26,1,4,13,9,6,7,6
26,1,2,13,15,0,8,4
26,77,4,13,9,2,8,3
26,1,4,13,9,2,8,3
26,1,2,13,9,4,8,0
26,77,4,13,13,2,8,0
27,1,1,13,9,6,3,36
27,96,2,12,9,6,10,25
27,1,2,13,9,8,9,15
27,1,2,13,9,8,9,15
27,1,2,13,9,8,8,12
27,1,2,9,9,8,7,12
27,1,2,13,9,8,7,12
27,1,2,13,9,8,7,12
27,1,2,13,9,6,8,9
27,1,2,13,10,8,9,7
27,1,2,13,9,8,7,6
27,1,2,13,9,8,7,6
27,1,2,13,9,6,9,6
27,62,2,0,9,4,8,5
27,96,2,13,9,6,7,0
27,1,2,13,9,8,5,0
28,1,1,13,9,6,3,30
28,1,2,9,9,8,9,27
28,96,3,13,9,6,8,18
28,1,2,13,18,1,9,18
28,96,2,12,9,6,10,15
28,1,2,8,9,6,7,9
28,1,1,13,9,6,3,9
28,1,2,13,9,8,7,9
28,1,1,13,9,6,9,9
28,1,2,13,9,8,9,6
28,1,2,9,19,8,9,6
28,1,2,13,9,8,7,6
28,96,2,13,9,6,9,6
28,96,2,12,9,8,9,6
28,96,2,13,9,8,8,6
28,1,4,13,9,8,8,0
29,1,3,18,9,2,9,30
29,1,2,13,9,6,3,27
29,1,1,13,9,6,3,24
29,1,2,13,18,6,9,19
29,1,1,9,4,8,9,12
29,1,3,13,18,6,10,9
29,96,2,9,9,6,10,9
29,1,2,0,9,6,7,7
29,98,1,13,9,1,9,6
29,96,1,13,9,6,3,6
29,1,1,13,9,6,8,6
29,78,1,13,9,6,3,6
29,1,2,1,9,8,7,6
29,1,1,13,9,8,3,6
29,1,2,9,9,8,9,6
29,96,2,12,0,6,9,0
30,1,3,18,9,2,9,30
30,1,2,13,9,6,3,24
30,1,1,18,9,6,9,18
30,1,1,13,9,2,3,17
30,1,2,5,9,6,10,15
30,1,2,13,18,6,3,12
30,1,3,13,9,2,9,12
30,1,3,13,4,6,10,10
30,1,2,13,9,7,9,9
30,96,2,9,9,4,10,9
30,1,2,13,18,6,10,5
30,96,2,9,9,6,10,4
30,46,1,8,4,6,9,3
30,1,1,7,4,8,9,3
30,1,3,18,9,6,3,3
30,1,1,9,18,3,10,3
31,1,3,18,9,2,9,33
31,1,2,13,9,2,3,27
31,1,3,5,9,6,10,18
31,1,3,18,13,2,9,15
31,1,1,13,9,6,3,13
31,1,3,13,9,2,9,12
31,1,2,13,9,6,3,10
31,1,2,5,9,6,3,10
31,1,1,13,9,6,9,9
31,1,3,13,9,6,0,6
31,1,1,13,9,6,3,6
31,1,1,18,9,6,9,6
31,1,1,0,9,6,9,4
31,1,1,13,18,6,3,3
31,1,3,5,9,6,6,3
31,1,1,13,12,2,3,3
32,1,3,13,9,2,10,30
32,1,3,18,9,2,9,27
32,1,3,13,9,2,9,24
32,1,3,18,9,6,9,15
32,1,2,13,9,2,3,12
32,1,3,13,9,6,9,9
32,1,3,18,9,2,3,9
32,27,3,13,13,2,9,9
32,1,2,20,9,6,3,9
32,1,3,13,9,2,3,9
32,1,2,13,9,2,3,9
32,1,3,18,1,2,9,6
32,1,2,13,9,6,3,6
32,1,3,6,9,6,10,6
32,1,1,13,9,6,3,0
32,1,2,18,1,0,9,0
33,19,3,13,9,2,9,24
33,1,3,18,9,6,9,24
33,1,3,13,9,2,9,24
33,1,3,18,9,2,9,21
33,1,3,13,9,2,10,15
33,1,3,18,9,2,9,15
33,15,3,18,9,2,9,15
33,1,3,13,9,2,9,12
33,1,3,3,9,6,9,9
33,1,3,18,9,2,3,3
33,1,3,13,9,2,3,3
33,1,3,13,3,6,2,3
33,1,3,18,9,6,7,3
33,1,3,18,9,2,3,3
33,1,3,18,9,2,3,3
33,1,2,13,9,2,1,3
34,30,3,13,3,2,9,36
34,1,3,18,9,2,9,18
34,15,3,18,9,2,9,15
34,48,3,20,9,2,10,15
34,1,3,13,9,2,9,12
34,1,3,18,9,6,9,12
34,1,3,13,9,2,9,9
34,26,3,18,9,2,9,9
34,1,3,18,9,2,10,9
34,1,3,13,9,2,9,9
34,1,3,18,9,2,9,9
34,1,3,18,9,2,9,9
34,19,3,13,9,2,9,9
34,1,3,18,9,6,9,9
34,1,3,18,9,2,2,0
34,59,1,18,13,2,10,0
35,30,3,13,3,2,9,27
35,30,3,13,9,6,9,18
35,1,3,18,9,2,9,15
35,1,3,13,9,2,9,15
35,30,3,4,3,6,9,12
35,30,3,18,5,2,9,9
35,1,3,18,9,6,9,9
35,1,4,18,9,1,9,9
35,54,3,13,9,2,9,9
35,1,3,13,9,2,9,9
35,48,3,20,9,2,10,9
35,1,3,13,9,2,9,9
35,48,3,20,9,6,10,9
35,1,3,18,9,2,9,9
35,15,3,13,10,2,9,6
35,1,3,18,9,2,9,6
36,30,3,13,3,2,9,27
36,30,3,4,5,2,9,24
36,1,3,13,9,2,9,21
36,30,3,13,9,6,9,21
36,30,3,13,3,2,9,12
36,30,3,3,3,6,9,12
36,30,3,18,5,2,9,12
36,1,3,18,9,2,9,12
36,30,3,4,5,6,9,9
36,1,3,18,9,6,9,9
36,30,3,13,9,6,9,9
36,1,3,18,9,2,5,6
36,1,3,13,9,2,2,3
36,30,3,13,3,2,0,3
36,30,3,18,5,2,9,0
36,30,1,13,9,10,9,0
37,30,3,13,3,6,9,27
37,30,3,13,3,2,9,24
37,30,3,13,16,6,9,24
37,30,3,4,5,9,9,15
37,30,3,13,3,6,9,12
37,81,3,3,3,2,1,9
37,30,3,4,5,2,9,9
37,1,3,3,9,6,9,9
37,30,3,13,9,6,9,9
37,30,3,13,3,2,9,9
37,30,3,4,5,2,9,9
37,30,3,18,9,6,9,6
37,30,3,13,5,2,2,6
37,1,2,18,1,2,9,6
37,30,3,4,5,2,9,3
37,30,4,13,3,2,9,3
38,30,3,13,3,6,9,27
38,30,3,13,3,6,9,27
38,12,3,13,3,6,9,21
38,81,3,3,3,2,7,15
38,30,3,4,5,2,9,9
38,30,3,4,3,6,9,9
38,30,3,13,1,6,8,9
38,30,3,13,7,2,9,9
38,30,3,4,3,2,9,9
38,30,3,13,3,2,9,9
38,24,3,13,3,6,9,9
38,30,3,4,5,2,1,9
38,30,3,3,16,6,1,9
38,30,3,3,3,2,4,3
38,30,3,4,3,9,9,3
38,30,3,4,3,6,9,3
39,30,3,13,3,6,9,24
39,30,3,13,11,6,9,22
39,30,4,13,1,6,8,18
39,12,3,13,20,6,9,18
39,30,3,13,3,6,9,15
39,30,3,13,3,6,8,12
39,30,3,13,3,6,9,9
39,30,3,13,3,6,9,9
39,30,3,13,1,6,9,9
39,30,3,3,3,6,9,9
39,30,3,13,3,6,7,9
39,12,3,13,3,6,9,9
39,81,3,3,15,2,7,7
39,30,3,4,5,2,9,6
39,30,3,4,5,2,9,3
39,30,3,3,3,6,9,0
40,30,3,13,1,6,9,33
40,30,3,13,3,3,9,21
40,30,3,13,11,6,9,18
40,30,3,13,3,6,9,15
40,30,3,13,11,6,9,12
40,30,3,13,10,6,9,12
40,30,3,13,11,6,9,12
40,30,3,13,3,6,8,12
40,30,3,13,3,6,9,9
40,30,3,13,3,6,8,9
40,30,3,13,20,6,8,9
40,12,3,13,20,6,9,9
40,12,3,13,20,6,8,3
40,30,3,13,20,6,9,3
40,30,3,9,16,6,8,3
40,30,3,15,3,6,3,0
41,30,3,13,3,0,9,27
41,42,3,13,3,3,9,24
41,30,3,13,3,3,9,21
41,30,3,13,1,6,9,21
41,30,3,13,1,6,9,15
41,30,3,13,3,2,9,12
41,30,3,13,20,6,9,9
41,30,3,13,11,6,9,9
41,30,3,13,1,6,9,9
41,30,2,13,3,6,9,6
41,30,3,13,10,6,2,6
41,30,3,13,10,3,9,6
41,30,3,13,11,6,5,6
41,30,3,13,10,6,9,6
41,60,3,0,11,6,9,3
41,30,3,13,11,6,9,0
42,30,3,13,3,0,9,24
42,49,3,13,1,6,9,21
42,42,3,13,3,3,9,21
42,30,3,13,3,6,9,15
42,42,3,13,3,3,9,12
42,30,3,13,3,0,9,9
42,44,3,13,1,2,9,9
42,16,3,13,3,2,9,9
42,30,3,13,20,6,9,9
42,30,2,13,2,3,9,9
42,30,3,13,20,6,9,9
42,30,3,13,1,6,9,9
42,30,3,13,1,6,9,9
42,30,3,18,1,6,9,6
42,30,3,13,20,8,9,6
42,30,3,13,19,0,9,3
43,42,3,11,3,3,9,30
43,30,3,13,3,3,9,21
43,30,3,13,3,0,9,21
43,44,3,13,3,3,9,18
43,30,3,13,3,0,9,15
43,44,3,13,3,0,9,12
43,80,3,13,3,6,9,9
43,49,3,13,1,6,9,9
43,42,3,13,1,2,1,9
43,49,3,13,1,6,9,9
43,42,3,13,3,3,3,9
43,30,3,13,3,0,9,6
43,44,3,13,1,0,9,3
43,92,3,13,1,6,9,3
43,49,3,13,1,3,9,3
43,30,3,13,3,6,6,3
44,30,3,11,3,3,9,27
44,42,3,11,3,3,9,27
44,44,3,13,3,3,9,21
44,30,3,13,3,3,9,12
44,44,3,13,3,3,9,12
44,30,3,13,3,0,9,12
44,44,3,5,3,3,9,12
44,30,3,13,3,0,9,9
44,44,3,13,3,3,9,9
44,30,3,13,3,3,9,9
44,44,3,13,3,0,9,9
44,30,3,13,3,0,9,6
44,30,1,13,5,0,9,6
44,20,3,13,20,0,9,6
44,58,3,13,3,0,0,3
44,42,3,20,3,10,9,0
45,30,3,11,3,3,9,30
45,42,3,11,3,3,9,24
45,30,3,13,3,3,9,18
45,37,3,13,3,0,9,18
45,44,3,13,3,3,9,15
45,42,3,11,3,3,9,12
45,44,3,5,3,3,9,9
45,30,3,11,3,3,9,9
45,44,3,5,3,3,3,9
45,30,3,11,3,3,9,9
45,44,3,13,3,3,9,9
45,30,3,13,3,0,9,9
45,42,3,11,9,1,9,3
45,44,3,11,3,3,7,3
45,30,3,3,3,3,9,3
45,44,3,13,0,3,9,0
46,30,4,11,3,3,9,24
46,43,3,13,3,3,9,24
46,44,3,13,3,3,9,21
46,44,3,11,3,3,9,18
46,42,3,11,3,3,9,12
46,44,3,3,3,3,9,12
46,30,3,13,3,3,9,12
46,37,3,13,3,0,9,12
46,30,3,13,3,3,9,9
46,30,3,11,3,3,9,9
46,44,3,13,3,3,9,9
46,44,3,11,3,3,6,6
46,101,3,5,3,3,9,6
46,30,3,11,3,3,3,3
46,37,3,13,3,1,9,3
46,44,3,17,5,3,9,0
47,42,3,11,3,3,9,24
47,43,3,13,3,3,9,18
47,13,3,13,3,3,9,18
47,44,3,3,3,1,9,18
47,44,3,11,3,3,9,12
47,30,3,13,3,3,9,12
47,44,3,11,3,3,9,9
47,30,4,11,3,3,9,9
47,30,4,11,3,3,9,9
47,30,3,13,3,3,9,9
47,30,3,13,3,3,10,9
47,94,4,11,3,3,9,9
47,30,3,13,3,3,9,9
47,44,2,3,3,3,9,6
47,68,4,13,3,3,9,6
47,42,3,11,3,6,9,3
48,42,3,11,19,8,9,27
48,18,3,3,3,1,9,21
48,44,3,12,3,3,9,18
48,43,3,13,3,3,9,18
48,44,3,13,3,3,9,12
48,30,3,11,3,3,9,9
48,42,3,11,3,3,9,9
48,44,3,11,3,3,8,9
48,13,3,13,3,3,9,9
48,43,3,13,3,3,9,9
48,44,3,13,3,1,9,9
48,44,3,3,3,1,9,9
48,43,3,13,3,3,9,9
48,30,3,6,3,3,9,6
48,30,3,3,3,3,9,3
48,42,3,11,3,3,1,3
49,30,3,11,3,3,9,24
49,42,3,11,3,3,9,23
49,28,3,13,3,3,9,21
49,42,3,11,6,3,9,21
49,43,3,12,3,3,9,12
49,43,3,12,3,3,9,12
49,30,3,11,3,2,9,12
49,42,3,11,19,8,9,9
49,30,3,11,7,8,9,8
49,18,3,3,3,1,9,6
49,55,1,3,3,1,9,6
49,18,3,3,3,1,9,6
49,44,3,11,19,3,9,5
49,67,3,11,19,3,9,5
49,44,3,13,1,3,9,3
49,42,2,11,3,3,3,3
50,28,3,13,3,3,9,21
50,42,3,11,10,3,9,18
50,43,3,11,3,2,9,18
50,42,4,11,3,2,9,18
50,28,3,13,3,3,9,12
50,42,3,11,6,3,9,9
50,30,3,11,3,3,9,9
50,81,3,11,3,3,9,9
50,42,3,11,3,3,9,9
50,43,3,12,3,3,9,9
50,30,4,11,3,2,9,9
50,89,3,12,3,3,9,9
50,30,3,11,11,9,9,9
50,42,3,11,3,3,9,9
50,42,3,11,3,3,9,9
50,30,3,11,6,1,9,3
51,62,3,14,3,3,9,24
51,30,3,11,3,3,9,21
51,81,2,11,10,3,2,18
51,28,3,13,14,3,9,15
51,42,3,11,6,3,9,12
51,42,3,11,10,3,9,12
51,43,3,11,3,2,9,9
51,42,4,11,9,2,9,9
51,28,3,13,3,3,9,9
51,43,3,11,8,3,9,9
51,42,3,11,6,2,9,9
51,30,3,9,3,3,9,9
51,42,3,11,10,3,9,9
51,28,3,13,3,3,9,9
51,28,4,13,3,9,9,6
51,42,3,13,0,3,9,0
52,62,3,14,3,3,9,24
52,42,4,11,5,3,9,21
52,39,3,14,3,3,9,21
52,30,3,11,3,3,9,19
52,28,3,13,14,3,9,12
52,42,3,11,3,2,9,12
52,91,1,11,10,3,2,10
52,42,3,11,6,3,9,10
52,62,4,11,3,3,9,9
52,42,3,11,3,2,9,9
52,81,2,11,10,2,2,9
52,62,3,14,3,3,9,9
52,43,3,11,14,3,9,7
52,71,3,11,13,3,9,3
52,28,3,13,14,3,8,3
52,43,1,11,6,2,9,0
53,42,3,11,3,3,9,24
53,42,3,11,3,2,9,24
53,30,3,11,3,3,10,21
53,42,3,11,5,3,9,21
53,42,3,14,3,0,9,12
53,62,3,14,3,3,9,12
53,42,4,11,5,3,9,10
53,91,1,11,10,3,2,10
53,42,3,13,14,3,9,9
53,28,3,14,13,3,9,9
53,39,1,14,3,3,2,6
53,30,3,19,15,3,9,6
53,39,3,14,20,6,9,6
53,42,3,11,3,2,2,3
53,7,3,14,0,3,10,3
53,91,1,11,10,3,9,3
54,42,3,11,5,3,9,21
54,8,3,9,3,2,1,21
54,88,3,11,3,3,9,21
54,66,3,11,3,3,9,21
54,30,3,11,5,3,9,12
54,42,4,11,5,3,9,12
54,42,3,11,3,3,9,12
54,62,3,14,3,0,9,10
54,1,4,11,5,3,9,9
54,42,3,11,3,2,9,9
54,42,4,11,5,3,9,9
54,50,3,14,3,2,10,9
54,42,3,11,3,0,9,6
54,42,2,11,3,3,9,4
54,42,3,14,3,0,10,3
54,42,2,14,3,0,9,0
55,48,3,11,3,2,9,24
55,42,3,18,3,3,9,24
55,42,3,11,5,3,9,21
55,66,3,9,12,3,1,15
55,42,2,11,13,3,9,12
55,42,3,11,5,3,9,9
55,88,3,11,5,3,9,9
55,8,3,11,3,2,1,9
55,42,3,11,3,3,9,9
55,42,3,11,5,3,9,9
55,42,3,11,12,3,9,9
55,42,3,9,5,3,9,9
55,42,3,11,3,3,5,6
55,8,3,9,3,2,1,6
55,88,4,9,11,3,9,6
55,8,1,11,3,2,9,3
56,42,3,11,5,3,9,24
56,42,3,11,3,2,9,24
56,42,3,18,3,3,9,21
56,48,3,18,3,2,9,21
56,48,3,11,3,2,9,12
56,66,3,11,14,3,9,12
56,66,3,9,12,3,9,12
56,48,3,11,3,4,9,10
56,42,3,11,3,3,9,9
56,88,3,11,18,3,9,7
56,88,2,11,5,5,3,6
56,42,3,11,3,1,9,6
56,42,2,18,12,2,1,6
56,66,2,11,13,3,1,6
56,42,1,18,5,3,9,3
56,88,2,11,0,3,9,0
57,42,3,11,5,3,9,21
57,42,3,11,3,2,9,21
57,42,3,18,3,2,9,18
57,66,3,11,14,2,9,18
57,2,3,11,3,2,9,12
57,42,3,11,3,2,9,12
57,42,3,11,3,3,8,9
57,48,3,11,3,2,9,9
57,66,3,9,3,2,9,9
57,48,3,18,3,2,9,9
57,48,3,18,12,3,9,9
57,42,3,11,12,3,9,9
57,48,3,11,3,3,9,9
57,42,3,11,5,3,9,9
57,42,3,18,5,3,9,6
57,66,3,11,3,2,0,0
58,42,3,11,3,2,9,24
58,42,3,11,15,3,9,24
58,42,3,11,3,3,8,24
58,42,3,18,3,2,9,21
58,42,3,18,3,3,9,12
58,42,3,11,3,3,9,12
58,42,3,11,5,3,9,12
58,66,3,11,3,2,9,9
58,42,3,18,3,2,8,9
58,42,3,11,14,2,9,6
58,101,3,11,3,2,4,6
58,62,3,11,5,2,4,6
58,66,3,11,14,2,9,6
58,66,3,11,3,2,5,3
58,42,4,18,3,2,9,3
58,42,3,11,16,0,4,3
59,42,3,11,5,3,9,25
59,42,3,11,3,2,9,24
59,42,3,11,15,3,9,22
59,42,1,11,13,3,8,14
59,42,3,18,3,2,9,12
59,42,3,18,15,3,9,12
59,92,3,18,1,3,9,9
59,42,3,10,3,2,9,9
59,42,3,11,3,3,9,9
59,42,2,11,20,2,9,9
59,42,3,5,5,8,8,9
59,19,3,11,3,3,9,6
59,42,1,16,3,3,9,6
59,42,3,11,5,3,1,6
59,42,3,11,3,3,9,6
59,42,3,18,0,3,9,0
60,42,3,11,3,2,9,27
60,42,3,11,5,3,9,27
60,42,3,11,15,3,9,22
60,5,3,18,3,2,9,18
60,42,3,20,3,2,5,12
60,42,3,14,5,3,9,12
60,42,3,11,15,3,9,9
60,42,3,11,3,2,9,9
60,42,3,18,3,3,9,9
60,42,3,11,3,2,9,9
60,42,3,11,16,3,9,9
60,92,1,18,13,3,9,6
60,42,1,18,13,3,8,4
60,92,1,18,13,3,9,3
60,42,3,11,15,2,9,3
60,42,1,11,0,2,9,0
61,42,3,11,5,3,9,24
61,42,3,11,3,2,9,24
61,42,3,18,3,2,9,21
61,42,3,11,5,3,9,21
61,46,3,20,3,2,5,12
61,42,3,11,5,3,9,12
61,79,3,18,15,3,9,9
61,42,3,11,15,3,9,9
61,35,3,11,3,0,9,9
61,42,3,18,3,2,9,9
61,42,3,14,5,3,9,9
61,42,3,11,3,3,9,9
61,42,3,14,8,3,5,3
61,42,3,11,15,3,8,3
61,42,3,20,20,2,5,3
61,5,3,18,15,2,9,3
62,42,3,11,5,3,9,24
62,42,3,11,5,3,9,24
62,42,3,11,5,3,9,21
62,42,4,15,3,2,4,15
62,42,3,11,3,2,9,12
62,42,3,18,3,2,9,12
62,42,3,11,5,2,5,12
62,42,3,11,3,3,9,9
62,46,3,18,15,3,5,9
62,42,3,11,3,3,9,9
62,79,3,18,15,3,9,9
62,42,3,20,3,2,5,6
62,42,3,11,8,2,6,6
62,79,3,18,11,3,9,6
62,46,3,20,15,3,5,3
62,42,2,18,3,2,9,3
63,42,2,11,5,3,9,36
63,42,3,11,5,3,9,24
63,64,3,11,5,3,9,21
63,42,3,11,5,3,9,12
63,42,3,13,3,2,5,12
63,42,3,11,2,2,5,12
63,42,3,11,5,2,9,12
63,42,3,15,3,2,9,12
63,42,3,11,5,3,9,9
63,42,3,4,5,2,5,9
63,42,3,15,12,2,9,9
63,91,3,16,5,3,9,6
63,42,3,11,5,2,5,3
63,52,4,18,3,2,4,3
63,45,4,15,3,2,4,0
63,42,3,11,3,3,2,0
64,42,2,11,5,3,9,33
64,42,2,11,5,3,9,33
64,64,3,11,5,3,9,13
64,83,3,11,3,6,9,12
64,42,3,11,5,3,9,10
64,42,3,11,5,3,9,9
64,64,3,11,5,3,9,9
64,42,3,11,5,3,9,9
64,42,3,11,3,2,9,9
64,42,3,11,5,3,9,9
64,42,3,11,2,3,5,6
64,42,3,11,2,2,5,6
64,42,3,10,3,2,9,6
64,64,3,11,5,3,9,6
64,25,2,11,5,0,9,5
64,42,3,13,3,2,5,3
65,42,2,11,5,3,9,33
65,42,2,11,5,3,9,30
65,42,3,11,3,3,9,15
65,89,2,11,5,3,9,15
65,64,3,11,5,3,9,15
65,60,3,11,5,3,9,12
65,83,3,11,5,6,9,12
65,64,3,11,5,3,9,9
65,28,2,19,5,3,9,9
65,42,3,11,5,3,9,9
65,83,3,12,5,3,9,9
65,42,3,2,5,3,9,6
65,64,3,11,5,6,9,6
65,31,2,11,5,3,4,0
65,64,3,11,5,6,2,0
65,42,2,1,5,3,9,0
66,89,2,11,5,3,9,27
66,42,2,11,5,3,9,24
66,89,2,11,5,3,9,24
66,64,2,11,5,3,9,24
66,42,2,11,5,3,9,15
66,42,2,11,5,3,9,15
66,83,3,8,3,3,9,9
66,42,3,11,5,6,9,6
66,89,3,11,5,3,9,6
66,42,2,11,7,6,9,6
66,60,2,11,5,3,8,6
66,31,3,11,5,2,9,6
66,60,3,11,5,3,9,6
66,83,3,10,3,3,6,6
66,64,3,11,5,3,9,0
66,42,2,11,5,3,4,0
67,64,2,11,5,3,9,24
67,42,2,11,5,3,9,21
67,42,2,11,5,3,9,21
67,42,2,11,5,3,9,18
67,42,2,11,5,3,9,15
67,89,2,11,5,3,9,12
67,42,2,11,5,3,9,12
67,64,2,11,5,3,9,12
67,42,2,11,5,3,9,9
67,89,2,11,5,3,9,9
67,64,2,11,5,3,9,9
67,42,2,8,3,3,9,6
67,37,2,11,3,3,9,6
67,89,2,11,5,3,5,3
67,42,3,11,5,3,9,3
67,42,2,11,3,3,4,0
68,42,2,11,5,3,9,24
68,64,2,11,5,3,9,21
68,42,2,11,5,3,9,21
68,42,2,11,5,3,9,18
68,42,2,11,5,3,9,15
68,42,2,11,5,3,9,12
68,42,2,11,5,3,9,12
68,42,2,11,5,3,9,12
68,64,2,11,5,3,9,12
68,64,2,11,5,3,9,9
68,64,2,11,13,1,9,9
68,37,2,7,5,3,9,9
68,89,2,18,5,5,9,3
68,42,2,11,5,3,7,3
68,24,4,11,5,3,9,0
68,42,3,11,5,8,9,0
69,42,2,11,5,3,9,21
69,42,2,11,5,3,9,21
69,64,2,11,5,3,9,18
69,42,2,11,5,3,9,18
69,42,2,11,5,3,9,12
69,42,2,11,5,3,9,12
69,42,2,11,5,3,9,12
69,42,2,11,5,3,9,12
69,52,2,11,5,3,9,9
69,42,2,11,5,3,9,9
69,42,2,11,5,3,1,9
69,64,2,11,5,3,9,9
69,42,2,11,5,3,9,9
69,64,2,11,5,3,9,9
69,42,4,11,5,3,9,0
69,64,3,11,5,3,9,0
70,42,2,11,5,3,9,24
70,42,1,11,5,3,9,21
70,42,2,11,5,3,9,21
70,42,2,11,5,3,9,21
70,42,2,11,5,3,9,12
70,42,2,11,5,3,9,12
70,42,2,11,5,3,9,12
70,64,3,11,12,3,9,12
70,42,2,11,4,3,7,9
70,42,2,11,5,3,9,9
70,42,2,11,5,3,9,9
70,42,1,11,13,3,9,6
70,42,2,5,5,3,6,6
70,42,1,11,5,3,9,6
70,42,3,11,9,3,9,0
70,42,2,11,0,3,9,0
71,42,2,11,5,3,9,27
71,42,2,11,5,3,9,21
71,42,2,11,5,3,9,21
71,42,2,11,5,3,9,15
71,42,2,11,5,3,4,12
71,42,2,11,5,3,9,9
71,42,2,11,5,3,9,9
71,73,2,11,5,3,9,9
71,42,2,11,5,3,9,9
71,42,1,11,5,3,9,9
71,42,2,11,5,3,9,9
71,42,1,11,5,3,9,9
71,42,1,11,5,3,9,9
71,42,2,20,3,3,9,6
71,42,2,19,5,3,9,3
71,42,2,11,5,4,9,3
72,60,2,11,5,3,9,24
72,42,2,11,5,3,9,24
72,42,2,11,5,3,9,21
72,42,2,11,5,1,4,18
72,42,2,11,5,3,9,15
72,50,2,11,5,3,9,15
72,42,2,11,5,3,9,12
72,83,2,11,5,3,9,12
72,42,2,11,5,3,9,9
72,42,2,11,5,3,9,9
72,42,2,11,5,3,9,9
72,42,2,11,5,3,10,6
72,42,3,11,5,3,9,6
72,42,2,11,5,3,4,0
72,42,2,11,5,3,3,0
72,42,2,11,5,3,4,0
73,42,2,11,5,3,9,24
73,60,2,11,5,3,9,21
73,42,2,11,5,3,9,21
73,60,2,11,5,3,9,18
73,42,2,11,5,3,9,15
73,42,2,11,5,3,9,12
73,60,2,11,5,3,9,12
73,42,2,1,5,3,4,9
73,42,2,11,20,8,9,9
73,9,2,11,5,3,9,9
73,42,2,11,5,1,4,9
73,42,4,11,5,3,1,9
73,50,4,11,5,0,9,3
73,42,2,10,5,3,9,3
73,60,2,11,5,3,7,3
73,74,1,11,5,1,9,3
74,42,2,11,5,3,9,21
74,60,2,11,5,3,9,21
74,30,2,11,5,3,9,21
74,23,2,11,5,3,9,21
74,24,2,11,5,3,9,12
74,60,2,11,5,3,9,12
74,42,2,11,5,3,9,12
74,42,2,11,5,3,9,12
74,60,2,11,5,3,9,12
74,42,2,11,5,3,9,12
74,60,2,11,5,3,9,12
74,60,2,11,20,3,9,9
74,42,4,11,11,3,9,3
74,42,2,11,5,3,10,0
74,42,2,19,5,9,9,0
74,42,2,11,0,3,9,0
75,30,2,11,5,3,9,24
75,42,2,11,5,3,9,24
75,60,2,11,5,3,9,21
75,42,2,11,5,3,9,21
75,23,2,11,5,3,9,15
75,24,2,11,5,3,9,15
75,60,2,11,5,3,9,12
75,42,2,11,5,3,9,12
75,60,2,11,5,3,9,12
75,23,2,11,5,3,9,12
75,30,2,11,7,3,9,3
75,24,2,11,8,3,9,3
75,60,2,11,5,6,9,3
75,42,2,11,5,2,9,3
75,42,2,2,5,3,9,0
75,9,3,11,5,3,9,0
76,42,2,11,5,3,9,21
76,42,2,11,5,3,9,21
76,24,2,11,5,3,9,21
76,23,2,11,5,3,9,18
76,23,2,11,5,3,9,12
76,60,2,11,5,3,9,12
76,42,2,11,5,3,9,12
76,30,2,11,5,3,9,12
76,42,2,11,5,3,9,12
76,30,2,11,5,3,9,12
76,60,2,11,5,3,9,9
76,42,2,11,5,3,9,9
76,60,2,11,5,3,9,9
76,60,2,11,5,3,4,0
76,30,4,11,5,3,9,0
76,60,2,11,1,3,9,0
77,60,2,11,5,3,9,24
77,23,2,11,5,3,9,21
77,42,2,11,5,3,9,21
77,42,2,11,5,3,9,18
77,59,2,11,5,3,9,15
77,42,2,11,5,3,9,12
77,23,2,11,5,3,9,12
77,42,2,11,5,3,9,12
77,60,2,11,5,3,9,12
77,3,2,11,5,3,9,9
77,23,2,11,5,3,9,9
77,60,2,11,5,3,9,9
77,24,2,16,5,3,9,6
77,23,2,11,7,3,9,0
77,23,2,11,5,3,4,0
77,24,2,10,5,3,3,0
78,60,2,11,5,3,9,21
78,42,2,11,5,3,9,21
78,23,2,11,5,3,9,21
78,42,2,11,5,3,9,21
78,42,2,11,5,3,9,12
78,23,2,11,5,3,9,12
78,59,2,11,5,3,9,12
78,23,2,11,5,3,9,12
78,78,2,11,5,3,9,12
78,42,2,11,5,3,9,12
78,60,2,11,5,3,9,12
78,42,1,11,5,3,9,9
78,23,2,17,5,3,9,3
78,23,4,11,5,3,9,0
78,60,2,11,5,3,10,0
78,42,2,10,2,3,9,0
79,60,2,11,5,3,9,24
79,42,2,11,5,3,9,21
79,60,2,11,5,3,9,18
79,23,2,11,5,3,9,18
79,6,2,11,5,3,9,15
79,42,2,11,5,3,9,12
79,59,2,11,5,3,9,12
79,23,2,11,5,3,9,9
79,59,2,11,5,3,9,9
79,59,2,11,5,3,9,9
79,42,2,11,5,3,9,9
79,42,2,11,5,3,9,9
79,42,2,11,5,3,9,9
79,65,2,11,3,3,9,6
79,23,3,11,5,7,9,0
79,23,3,11,5,3,9,0
80,6,2,11,5,3,9,21
80,42,2,11,5,3,9,21
80,60,2,11,5,3,9,21
80,42,1,11,5,3,9,18
80,23,2,11,5,3,9,12
80,42,2,11,5,3,9,12
80,6,2,11,17,3,9,12
80,23,2,11,5,3,9,12
80,59,2,11,5,3,9,12
80,60,2,11,5,3,9,12
80,42,2,11,5,3,9,9
80,42,2,11,5,3,9,9
80,59,2,11,5,3,9,9
80,6,2,11,5,2,9,0
80,42,2,11,5,3,3,0
80,60,2,11,5,3,7,0
81,42,2,11,5,3,9,24
81,23,2,11,5,3,9,24
81,6,2,11,5,3,9,24
81,28,2,11,5,3,9,12
81,42,2,11,5,3,9,12
81,42,2,11,5,3,9,12
81,60,1,11,5,3,9,12
81,60,2,11,5,3,9,12
81,6,2,11,5,3,9,12
81,23,3,11,5,3,9,12
81,42,1,11,5,3,9,12
81,32,1,11,5,3,9,12
81,6,2,10,5,3,9,0
81,23,2,11,0,3,9,0
81,42,2,11,5,3,3,0
81,6,2,11,5,3,5,0
82,42,2,11,5,3,9,24
82,42,1,11,5,3,9,21
82,60,1,11,5,3,9,21
82,23,2,11,5,3,9,18
82,23,2,11,5,3,9,12
82,23,2,11,5,3,9,12
82,42,1,11,5,3,9,12
82,28,2,11,5,3,9,9
82,42,1,11,5,3,9,9
82,28,2,11,8,3,9,9
82,42,2,11,5,3,9,9
82,6,2,11,5,3,9,9
82,42,2,11,5,3,8,6
82,40,4,11,5,3,9,6
82,23,2,11,3,5,9,3
82,6,2,0,5,6,9,0
83,15,2,11,5,3,9,24
83,42,1,11,5,3,9,24
83,23,2,11,5,3,9,18
83,14,2,11,5,3,9,18
83,42,1,11,5,3,9,15
83,24,2,11,5,3,9,9
83,23,1,11,5,3,9,9
83,23,2,11,5,3,9,9
83,42,1,11,5,3,9,9
83,42,2,11,5,3,9,9
83,42,2,11,5,3,9,9
83,23,2,11,5,3,9,9
83,42,3,11,5,3,9,9
83,32,2,2,5,3,9,6
83,62,1,11,5,3,0,3
83,60,1,3,5,8,9,0
84,23,2,11,5,3,9,24
84,42,2,11,5,3,9,22
84,42,2,11,5,3,9,21
84,42,1,11,5,3,9,21
84,15,2,11,5,3,9,15
84,42,1,11,5,3,9,12
84,14,2,11,5,3,9,12
84,14,2,11,5,3,6,12
84,42,1,11,5,3,9,9
84,24,2,11,5,2,9,9
84,42,2,8,5,3,9,7
84,42,1,16,14,3,9,5
84,14,2,11,6,3,9,3
84,42,1,11,5,3,3,3
84,23,2,16,5,3,9,3
84,23,1,4,5,3,9,0
85,14,2,11,5,3,9,21
85,42,1,11,5,3,9,21
85,7,2,11,5,3,9,21
85,42,2,11,5,3,9,18
85,10,1,11,5,3,9,12
85,23,2,11,5,3,9,12
85,42,2,11,5,3,9,12
85,23,2,11,5,3,9,12
85,15,2,11,5,3,9,12
85,42,1,11,5,3,4,9
85,42,1,11,5,3,9,9
85,42,2,11,5,3,9,9
85,15,2,11,5,3,9,9
85,55,2,11,5,3,7,3
85,23,2,11,5,9,9,0
85,42,2,10,5,3,9,0
86,14,2,11,5,3,9,21
86,23,2,11,5,3,9,21
86,23,2,11,5,3,9,21
86,42,2,11,5,3,9,21
86,42,2,11,5,3,9,12
86,10,2,11,5,3,9,12
86,10,2,11,5,3,9,12
86,14,2,11,5,3,9,12
86,88,1,11,5,3,9,9
86,42,1,11,5,3,9,9
86,7,1,11,5,3,9,9
86,42,1,11,5,3,9,9
86,42,2,11,5,3,4,6
86,71,2,11,4,3,9,3
86,14,4,11,5,3,9,3
86,42,2,15,5,3,9,0
87,42,2,11,5,3,9,24
87,23,2,11,5,3,9,21
87,42,2,11,5,3,9,21
87,23,2,11,5,3,9,18
87,14,2,11,5,3,9,12
87,14,2,11,5,3,9,12
87,42,2,11,5,3,9,12
87,75,2,11,10,3,9,9
87,14,2,11,5,3,9,9
87,10,2,11,5,10,9,9
87,10,2,12,5,3,9,9
87,10,2,11,5,3,9,9
87,42,2,11,5,3,10,6
87,10,3,9,5,3,1,6
87,14,2,11,5,1,9,3
87,14,2,11,4,3,9,0
88,42,2,11,5,3,9,24
88,14,2,11,5,3,9,21
88,42,2,11,5,3,9,21
88,14,2,11,5,3,9,18
88,23,2,11,5,3,9,15
88,42,2,4,5,3,9,12
88,42,2,11,5,3,9,12
88,42,2,11,5,3,9,12
88,72,2,11,5,3,9,12
88,23,2,11,5,10,9,9
88,23,2,11,5,3,9,9
88,42,2,11,5,3,9,9
88,23,2,11,5,3,6,6
88,62,2,11,5,3,3,0
88,14,2,11,2,7,9,0
88,14,2,11,5,3,3,0
89,14,2,11,5,3,9,27
89,42,2,11,5,3,9,21
89,42,2,11,5,10,9,18
89,42,2,11,5,3,9,18
89,23,2,11,5,3,9,12
89,42,2,11,5,3,9,12
89,14,2,11,5,3,9,9
89,29,2,11,5,3,9,9
89,42,1,11,5,1,9,9
89,42,2,11,5,3,9,9
89,42,2,11,5,3,9,9
89,14,2,11,5,3,9,9
89,42,2,4,5,3,9,9
89,42,2,11,5,9,9,6
89,42,2,0,5,3,9,3
89,42,2,11,1,3,9,0
90,14,2,11,5,3,9,24
90,42,2,11,5,3,9,24
90,42,2,11,5,3,9,24
90,42,2,11,5,4,9,15
90,34,2,11,11,3,9,12
90,14,2,11,5,3,9,12
90,23,2,11,5,3,9,12
90,14,2,11,5,3,9,12
90,42,2,11,5,3,9,12
90,42,2,11,5,3,9,12
90,42,2,11,11,10,9,10
90,23,2,11,5,10,9,9
90,42,2,1,5,3,9,1
90,42,2,11,5,3,0,0
90,23,2,11,5,3,6,0
90,65,2,11,5,10,2,0
91,42,2,11,5,3,9,24
91,34,2,11,11,3,3,24
91,14,2,11,5,3,9,21
91,23,2,19,5,3,9,15
91,14,2,11,5,3,9,12
91,23,2,11,5,3,9,12
91,14,2,11,5,3,9,12
91,42,2,11,5,3,9,9
91,42,2,11,5,3,9,9
91,42,2,7,5,4,9,9
91,34,2,11,11,3,9,9
91,14,2,11,4,3,9,9
91,34,2,11,5,3,9,9
91,14,4,11,5,3,9,6
91,20,2,11,5,3,6,0
91,14,2,11,16,3,0,0
92,23,2,11,5,3,9,27
92,42,2,11,5,3,9,24
92,14,2,11,5,3,9,21
92,23,2,7,5,3,9,18
92,14,2,11,5,3,9,12
92,34,2,11,5,3,9,12
92,14,2,8,5,3,9,9
92,23,4,16,11,3,3,9
92,34,2,11,11,3,3,9
92,23,2,19,5,3,9,9
92,14,3,11,5,3,9,9
92,14,2,11,5,6,9,9
92,23,2,19,5,3,9,6
92,42,4,11,5,3,3,6
92,23,2,11,5,3,3,0
92,14,2,2,5,3,9,0
93,42,2,11,5,3,9,21
93,19,2,11,5,3,9,21
93,22,2,11,5,3,9,21
93,14,2,11,5,3,9,21
93,23,2,11,5,3,9,12
93,23,2,11,5,3,9,12
93,42,2,11,5,3,9,12
93,34,2,11,5,9,9,12
93,14,2,11,5,3,9,12
93,14,2,7,5,3,9,10
93,58,2,11,5,10,9,9
93,23,2,8,5,9,9,6
93,14,2,7,5,3,9,6
93,34,2,11,5,9,9,3
93,42,2,1,5,3,9,1
93,14,2,12,5,3,9,0
94,23,2,11,5,3,9,27
94,19,2,11,5,3,9,21
94,23,2,11,5,3,9,18
94,21,2,11,5,3,9,18
94,23,2,11,5,3,9,12
94,23,2,15,5,3,9,9
94,23,2,5,5,3,8,9
94,42,2,11,5,3,9,9
94,22,2,11,5,3,9,9
94,63,2,11,5,3,9,9
94,19,2,11,5,3,9,9
94,23,3,3,5,3,9,9
94,22,2,11,15,3,9,9
94,42,4,11,5,3,9,6
94,42,2,11,3,3,9,3
94,14,2,1,5,3,9,3
95,19,2,11,5,3,9,25
95,23,2,11,5,3,9,24
95,19,2,11,5,3,9,24
95,25,2,11,5,3,9,21
95,21,2,11,5,3,9,15
95,23,2,5,5,3,8,9
95,23,2,5,5,3,9,9
95,23,2,5,5,7,9,9
95,23,2,14,5,3,9,9
95,50,2,11,5,2,9,9
95,54,2,11,5,3,8,6
95,23,2,11,5,0,9,6
95,19,2,14,5,3,9,6
95,23,2,10,5,0,7,3
95,23,2,11,5,3,8,3
95,19,1,15,14,3,9,1
96,21,2,11,5,3,9,21
96,19,2,11,5,3,9,21
96,23,2,11,5,3,9,21
96,19,2,11,5,3,9,18
96,25,2,11,10,3,9,12
96,25,2,11,5,3,9,12
96,23,2,11,5,3,9,12
96,19,2,11,5,3,9,12
96,23,2,5,5,3,8,9
96,21,2,11,5,3,9,9
96,23,2,5,5,3,8,9
96,23,2,11,5,3,9,9
96,23,2,5,3,3,9,6
96,23,3,11,5,3,9,6
96,23,2,0,5,3,9,3
96,19,4,11,5,3,9,0
97,21,2,11,5,3,9,21
97,25,2,11,10,3,9,21
97,23,2,11,5,3,9,21
97,19,2,11,5,3,9,21
97,25,2,11,5,3,9,12
97,23,2,11,5,3,9,12
97,21,2,11,5,3,9,12
97,23,2,11,5,3,9,12
97,19,2,11,5,3,9,9
97,25,2,11,10,3,9,9
97,23,2,11,11,3,7,9
97,21,2,11,5,3,9,9
97,19,2,11,14,3,9,6
97,23,2,11,5,8,9,3
97,19,2,11,7,3,9,3
97,24,1,11,5,6,9,0
98,25,2,11,5,3,9,24
98,25,2,11,10,3,9,21
98,30,2,11,5,3,9,21
98,25,2,11,5,3,9,18
98,19,2,11,5,3,9,12
98,21,2,11,5,3,9,12
98,23,2,11,5,3,9,12
98,21,2,11,10,3,9,10
98,28,2,11,10,3,9,9
98,21,2,11,5,3,9,9
98,19,2,11,5,3,9,9
98,25,2,13,10,3,9,9
98,23,2,11,8,3,9,7
98,42,4,11,5,3,9,3
98,23,2,11,5,0,9,2
98,19,2,11,5,3,0,0
99,25,2,11,5,3,9,24
99,21,2,11,5,3,9,21
99,25,2,11,5,3,9,21
99,25,2,11,10,3,9,21
99,25,2,11,5,3,9,15
99,25,2,11,10,3,9,12
99,21,2,11,5,3,9,12
99,30,2,11,5,3,9,12
99,61,2,11,10,3,9,12
99,25,2,11,5,3,9,9
99,30,2,11,19,3,9,6
99,23,2,11,5,5,9,6
99,25,1,11,3,3,9,6
99,30,2,11,10,10,9,3
99,25,2,11,4,3,9,0
99,25,2,11,6,8,9,0
100,96,2,11,5,3,9,21
100,25,2,11,5,3,9,21
100,71,2,11,5,3,9,21
100,25,2,10,5,3,9,16
100,21,2,11,5,3,9,9
100,25,2,11,5,3,9,9
100,60,2,11,17,3,9,9
100,21,2,11,5,3,9,9
100,25,2,11,5,3,9,9
100,25,2,11,10,3,9,9
100,25,2,11,5,3,9,9
100,21,2,11,10,3,9,9
100,25,2,11,5,3,9,9
100,25,3,0,5,6,9,7
100,25,2,11,10,3,9,6
100,13,2,11,10,3,9,6
101,96,2,11,5,3,9,27
101,25,2,11,5,3,9,24
101,25,2,7,5,3,9,21
101,96,2,11,5,3,9,21
101,60,2,10,17,3,9,12
101,96,2,11,5,3,9,12
101,21,2,3,5,3,9,9
101,96,2,15,5,3,9,9
101,25,2,10,5,3,9,9
101,71,2,11,6,3,9,9
101,25,2,10,5,4,9,9
101,25,2,11,17,3,4,9
101,25,2,11,9,3,4,6
101,71,2,11,5,3,10,3
101,60,4,10,5,3,9,0
101,21,2,11,5,3,0,0
102,25,2,11,5,3,9,30
102,96,2,11,5,3,9,27
102,25,3,11,7,3,9,21
102,60,2,11,17,3,9,21
102,25,2,11,5,3,9,12
102,25,3,11,5,3,9,9
102,25,1,7,5,6,9,9
102,96,2,10,17,3,9,7
102,96,1,11,17,3,9,6
102,96,3,11,5,3,9,6
102,96,2,11,5,3,6,6
102,96,2,11,5,7,9,6
102,25,2,20,5,3,9,6
102,60,2,7,5,3,9,6
102,21,2,3,5,3,5,4
102,53,2,11,5,3,3,3
103,96,2,11,5,3,9,27
103,60,2,11,5,3,9,24
103,25,2,11,5,3,9,24
103,96,2,11,5,3,9,21
103,96,2,10,5,3,9,12
103,25,1,11,5,6,9,12
103,60,2,11,17,3,9,9
103,25,3,11,5,3,9,8
103,5,3,11,17,3,9,7
103,96,2,10,5,5,9,7
103,25,2,7,5,3,9,6
103,25,3,7,5,6,5,6
103,25,2,11,5,0,9,4
103,25,2,11,5,0,9,4
103,25,2,7,5,6,9,3
103,25,2,11,7,3,9,3
104,25,2,11,5,3,9,27
104,96,2,11,5,3,9,21
104,25,2,11,5,3,9,21
104,96,4,11,14,3,9,18
104,60,2,11,5,3,9,12
104,60,2,11,5,3,9,12
104,60,2,11,5,3,9,12
104,24,2,11,17,3,9,9
104,60,2,11,5,3,9,9
104,96,2,11,5,3,9,9
104,96,4,11,5,3,9,9
104,96,2,10,5,3,9,6
104,25,1,11,5,6,9,6
104,25,2,11,9,7,10,6
104,60,1,11,17,3,9,3
104,96,2,10,5,3,9,0
105,60,2,11,5,3,9,24
105,25,2,11,5,3,9,21
105,60,2,11,5,3,9,18
105,60,2,11,5,3,9,18
105,60,2,11,5,3,9,15
105,36,2,8,5,3,1,12
105,96,4,11,14,3,9,9
105,25,2,11,5,3,9,9
105,96,2,11,5,3,9,9
105,60,2,11,5,3,9,9
105,96,2,11,5,3,9,9
105,25,2,11,5,3,9,9
105,25,2,11,5,9,9,7
105,60,4,11,5,3,9,6
105,96,4,11,14,3,9,4
105,25,2,2,5,3,9,0
106,60,2,11,5,3,9,27
106,60,2,11,5,3,9,21
106,60,2,11,5,3,9,21
106,60,2,11,5,3,9,21
106,60,2,11,5,3,9,12
106,60,2,11,5,3,9,12
106,25,2,11,5,3,9,12
106,60,2,15,5,3,7,9
106,25,4,11,5,3,9,9
106,60,2,8,5,3,9,9
106,92,3,11,15,3,9,9
106,25,4,11,5,3,9,9
106,15,4,8,5,3,9,6
106,60,2,12,5,3,9,3
106,96,1,8,14,3,9,0
106,60,2,11,5,1,10,0
107,60,2,11,5,3,9,21
107,54,2,11,5,3,9,21
107,60,2,11,5,3,9,21
107,60,2,8,5,3,9,18
107,60,2,11,5,3,9,12
107,60,2,11,5,3,9,12
107,45,2,11,5,3,9,12
107,21,2,11,5,3,9,12
107,60,2,11,5,3,9,12
107,60,2,11,5,3,9,9
107,60,2,11,19,3,9,9
107,60,2,11,5,3,9,9
107,60,2,11,17,3,9,6
107,60,2,9,5,3,9,6
107,60,2,2,5,3,9,0
107,60,3,9,5,3,9,0
108,60,2,11,5,3,9,24
108,54,2,11,5,3,9,21
108,60,2,11,5,3,9,21
108,60,2,11,5,3,9,21
108,54,2,11,5,3,9,12
108,60,2,8,5,3,9,12
108,45,2,11,5,3,9,12
108,60,2,11,5,3,9,12
108,60,2,3,5,3,9,9
108,60,2,11,5,3,6,9
108,54,2,11,4,3,9,9
108,60,2,8,5,3,9,9
108,60,2,9,10,3,9,6
108,60,2,13,5,3,9,3
108,54,2,11,5,3,4,0
108,45,4,11,5,3,9,0
109,60,2,11,5,3,9,27
109,60,2,11,5,3,9,21
109,45,2,8,5,3,9,18
109,45,2,8,5,3,9,18
109,54,2,11,5,3,9,12
109,54,2,11,5,3,9,12
109,60,2,11,13,3,9,9
109,60,2,11,5,3,9,9
109,54,2,11,5,1,9,9
109,60,4,11,5,3,9,9
109,54,2,11,5,3,9,9
109,54,2,11,5,3,9,9
109,60,2,8,5,3,9,9
109,54,2,11,5,10,9,9
109,45,2,11,5,3,4,0
109,60,2,10,5,3,9,0
110,60,2,11,5,3,9,21
110,54,2,11,5,3,2,21
110,88,2,11,5,3,9,18
110,60,2,11,5,3,9,18
110,60,2,11,5,3,9,12
110,45,2,14,5,3,9,9
110,60,2,11,13,3,9,9
110,60,2,11,5,3,9,9
110,60,2,11,5,3,9,9
110,60,2,8,5,10,9,9
110,45,1,8,5,3,9,9
110,60,2,11,5,3,9,9
110,3,2,11,5,3,9,9
110,42,2,11,5,3,9,9
110,60,2,17,5,3,9,6
110,54,2,11,5,3,3,3
111,66,2,11,5,3,9,27
111,60,2,11,5,3,9,24
111,60,2,11,5,3,9,21
111,36,2,11,5,3,9,15
111,60,2,11,5,3,10,12
111,54,2,11,5,3,2,9
111,88,2,11,5,3,9,9
111,54,2,11,5,3,2,9
111,45,2,14,5,3,9,9
111,60,2,11,5,3,8,9
111,88,2,11,13,3,2,9
111,60,2,3,5,3,2,9
111,60,4,11,8,9,9,6
111,81,2,14,5,7,9,6
111,60,2,11,5,3,10,6
111,45,2,14,5,3,5,0
112,60,2,11,5,3,9,24
112,60,2,11,5,3,9,21
112,60,2,11,5,3,9,21
112,60,2,11,5,3,2,18
112,88,2,11,5,3,9,15
112,88,2,11,5,3,9,12
112,60,2,11,5,3,9,12
112,36,2,11,15,3,9,9
112,66,2,11,5,3,9,9
112,88,2,11,5,3,2,9
112,36,2,11,14,3,9,9
112,66,2,5,5,3,5,9
112,66,2,11,6,3,9,6
112,54,2,11,5,3,10,3
112,66,2,18,5,3,9,3
112,88,2,11,5,3,8,0
113,88,2,11,5,3,9,24
113,60,2,11,5,3,9,24
113,60,2,11,5,3,9,24
113,89,2,11,5,3,9,18
113,60,2,11,5,3,9,15
113,88,2,11,5,3,9,15
113,60,2,11,14,3,9,9
113,60,2,11,5,4,9,9
113,101,2,11,5,3,9,9
113,60,2,11,5,3,2,9
113,60,2,4,19,3,9,9
113,56,4,18,5,3,3,6
113,60,2,10,5,3,9,3
113,60,2,13,2,3,2,3
113,60,2,11,6,3,9,3
113,60,2,0,5,3,9,0
114,20,2,11,5,3,9,24
114,88,2,11,5,3,9,21
114,60,2,11,5,3,9,21
114,60,2,11,5,3,9,18
114,88,2,11,5,3,9,15
114,60,2,11,5,3,9,12
114,89,2,11,5,3,9,12
114,89,2,11,5,3,9,9
114,88,2,11,14,3,9,9
114,89,2,11,5,3,9,9
114,60,2,11,5,3,9,9
114,33,2,11,14,3,9,9
114,88,2,15,5,3,9,3
114,88,4,11,5,3,9,3
114,60,2,11,5,4,9,3
114,88,4,11,5,3,9,3
115,88,2,11,5,3,9,24
115,88,2,11,5,3,9,21
115,18,2,11,5,3,9,21
115,40,2,11,5,3,9,18
115,60,2,11,5,3,9,15
115,88,2,11,5,3,9,12
115,89,2,11,5,3,9,12
115,20,2,11,5,3,9,12
115,88,2,11,5,3,9,12
115,89,2,11,5,3,9,9
115,60,2,11,12,3,9,9
115,20,2,11,5,3,9,9
115,88,2,11,5,9,9,3
115,89,2,11,5,3,5,3
115,60,1,11,5,8,9,0
115,60,3,11,5,3,9,0
116,88,2,11,5,3,9,24
116,40,2,11,5,3,9,21
116,57,1,11,5,3,9,18
116,89,2,11,5,3,9,18
116,40,2,11,5,3,9,15
116,60,2,11,5,3,9,12
116,88,2,11,5,3,9,12
116,60,2,11,5,3,9,9
116,88,2,11,5,3,9,9
116,88,2,11,5,3,9,9
116,88,2,11,5,3,9,9
116,18,2,11,9,3,9,9
116,88,2,11,5,3,9,9
116,89,2,11,5,9,9,3
116,88,2,11,1,3,9,3
116,60,2,20,5,8,9,0
117,89,2,11,5,3,9,21
117,60,2,11,5,3,9,18
117,60,2,11,5,3,9,18
117,88,2,6,5,3,9,18
117,40,2,11,5,3,9,12
117,88,2,11,5,3,9,12
117,40,2,11,5,3,9,9
117,40,2,11,5,3,9,9
117,88,2,11,5,3,9,9
117,40,2,11,5,3,9,9
117,40,2,11,5,3,9,9
117,60,4,11,13,3,9,9
117,88,2,11,5,3,9,9
117,57,2,11,5,3,9,9
117,89,2,11,5,3,9,9
117,57,4,11,5,3,9,0
118,40,2,11,5,3,9,24
118,60,2,11,5,3,9,21
118,40,2,11,5,3,9,18
118,40,2,11,5,3,9,18
118,89,2,11,5,3,9,15
118,88,2,6,5,3,9,9
118,60,2,11,5,3,9,9
118,89,2,11,5,3,9,9
118,89,2,11,5,3,1,9
118,41,2,6,5,3,8,9
118,88,2,11,5,3,9,9
118,40,2,11,5,3,9,9
118,40,2,11,14,3,9,9
118,89,2,11,5,3,6,6
118,89,2,11,5,4,9,6
118,5,2,11,5,3,5,0
119,88,2,6,5,3,6,22
119,40,2,6,12,3,9,20
119,60,2,11,5,3,9,19
119,60,2,11,5,3,9,16
119,40,2,11,5,3,9,12
119,88,1,6,5,8,9,9
119,40,2,11,5,3,9,9
119,89,2,11,5,3,9,9
119,89,2,11,5,3,2,9
119,60,2,11,5,3,9,9
119,60,2,11,5,3,9,9
119,60,2,11,5,3,9,9
119,60,2,11,5,3,9,7
119,40,2,11,5,3,9,7
119,89,2,11,19,3,9,6
119,40,2,6,5,3,5,3
120,40,1,6,12,8,8,32
120,40,2,11,5,3,9,24
120,60,2,11,5,3,10,23
120,88,2,6,5,3,6,16
120,40,1,11,5,3,9,15
120,88,4,6,5,3,9,10
120,40,2,11,9,3,9,9
120,88,2,11,5,3,9,9
120,52,2,14,5,8,9,7
120,40,2,6,12,8,9,6
120,88,1,6,12,3,9,6
120,60,2,6,15,3,6,6
120,60,2,11,5,1,9,6
120,40,2,6,12,3,9,4
120,60,2,11,5,9,9,3
120,40,2,11,5,7,9,0
121,40,1,0,12,8,8,23
121,40,2,11,9,3,9,22
121,40,1,11,5,3,9,21
121,40,1,6,12,8,8,20
121,60,2,11,5,3,9,12
121,40,1,6,12,8,8,11
121,40,2,11,9,3,9,10
121,83,2,11,5,3,1,9
121,40,2,11,5,3,9,9
121,88,2,6,5,3,6,9
121,60,4,6,5,3,9,9
121,88,2,6,5,3,6,7
121,88,2,6,5,2,6,6
121,60,4,6,5,3,10,4
121,40,1,11,5,3,10,3
121,40,1,2,5,3,9,0
122,40,2,11,5,3,9,27
122,40,2,11,5,3,9,24
122,40,1,16,12,8,8,22
122,40,4,11,5,3,9,16
122,40,2,11,9,3,9,10
122,40,1,0,12,8,8,10
122,40,2,11,9,3,9,10
122,40,1,11,5,3,9,9
122,40,2,11,9,3,9,9
122,40,1,0,12,8,8,7
122,40,1,11,12,3,9,7
122,60,4,11,12,8,8,6
122,40,4,11,9,3,9,6
122,40,1,0,12,8,8,5
122,40,1,6,12,8,8,4
122,40,1,6,8,8,8,3
123,40,2,11,5,3,9,33
123,40,2,11,5,3,9,27
123,40,4,11,4,3,9,24
123,40,1,16,11,8,8,10
123,13,2,11,9,8,9,10
123,40,1,16,12,8,8,9
123,40,1,0,12,8,8,9
123,18,2,11,4,3,9,9
123,40,2,11,9,3,9,9
123,40,2,5,5,3,9,7
123,40,1,0,12,3,9,7
123,40,4,11,9,3,9,6
123,40,4,11,5,3,9,6
123,40,4,11,12,3,9,6
123,40,1,18,5,3,8,3
123,40,2,11,5,10,9,3
124,40,2,11,5,3,9,30
124,40,1,16,12,8,10,27
124,40,2,11,5,3,9,27
124,40,2,16,5,3,8,21
124,40,1,16,9,8,9,12
124,40,2,11,4,3,9,9
124,13,2,11,9,8,9,9
124,40,2,11,5,8,9,9
124,13,2,11,5,8,9,6
124,40,2,0,11,8,8,6
124,40,1,0,11,8,8,6
124,40,1,0,12,8,8,6
124,40,2,11,4,3,9,6
124,40,2,11,7,3,9,6
124,40,2,12,5,8,8,0
124,40,2,16,9,8,9,0
125,40,2,11,5,3,9,27
125,40,2,11,5,3,9,27
125,40,2,11,5,3,9,24
125,40,1,16,12,8,10,18
125,13,2,11,9,8,9,12
125,40,1,16,12,8,10,9
125,40,2,16,4,8,10,9
125,40,2,11,5,3,9,9
125,40,2,16,4,3,8,9
125,40,1,16,12,8,10,9
125,40,2,11,5,0,9,6
125,13,2,11,9,8,6,6
125,40,2,16,9,3,8,6
125,40,2,19,5,3,9,6
125,40,1,11,10,3,10,3
125,40,4,16,5,2,9,0
126,40,2,11,12,3,2,27
126,40,2,6,12,8,10,25
126,40,2,11,9,8,3,22
126,59,2,16,4,3,10,18
126,40,2,16,4,3,10,9
126,40,2,11,9,3,4,9
126,40,2,11,5,3,9,9
126,40,1,11,5,8,9,9
126,18,1,11,12,8,10,9
126,13,2,11,12,8,9,7
126,40,2,1,5,8,10,7
126,40,2,16,5,8,10,6
126,40,2,10,4,3,10,6
126,40,2,16,5,8,10,6
126,40,2,11,5,3,9,6
126,40,2,11,5,0,10,3
127,40,2,11,4,6,10,24
127,40,2,11,9,8,10,22
127,40,2,20,9,3,3,21
127,59,2,16,12,3,2,18
127,40,2,11,5,3,9,12
127,40,2,11,12,3,2,9
127,40,2,11,9,3,4,9
127,59,2,6,4,8,10,9
127,16,2,6,12,1,10,9
127,40,2,11,12,3,2,9
127,40,2,6,12,8,10,9
127,40,2,11,9,3,4,9
127,40,2,16,4,3,10,6
127,40,2,6,9,8,10,5
127,40,4,16,14,3,10,4
127,40,2,18,5,8,3,3
128,40,2,20,9,3,3,24
128,40,2,11,4,6,10,22
128,40,2,11,9,8,10,22
128,40,2,11,9,8,10,21
128,40,2,20,9,3,3,15
128,40,2,11,4,6,10,13
128,40,4,6,5,1,9,13
128,29,2,11,4,6,10,9
128,40,2,11,12,3,2,9
128,40,2,11,9,6,3,9
128,59,2,11,9,3,7,6
128,40,2,20,16,0,2,6
128,59,3,3,12,2,4,5
128,40,2,11,1,3,2,3
128,82,2,11,0,3,9,0
128,40,1,11,9,4,4,0
129,40,4,6,9,7,10,27
129,40,2,20,9,3,3,24
129,40,2,11,4,6,10,18
129,91,2,11,4,6,10,18
129,40,2,20,9,3,3,15
129,40,2,20,9,3,3,9
129,40,2,11,9,3,10,9
129,69,2,20,9,3,3,9
129,40,2,11,9,8,3,8
129,40,2,11,9,8,3,8
129,101,2,6,5,1,9,7
129,40,3,14,4,6,10,7
129,40,2,6,5,6,9,6
129,40,2,20,4,6,3,4
129,40,2,6,9,1,10,4
129,40,2,11,9,0,10,1
130,40,2,11,12,6,10,24
130,40,2,13,9,7,10,24
130,40,2,20,9,3,3,18
130,40,4,6,9,7,4,16
130,40,2,11,19,8,10,12
130,40,4,6,9,7,10,10
130,40,2,20,9,3,3,9
130,40,3,6,9,7,3,9
130,63,2,20,9,3,3,9
130,40,2,20,9,3,3,9
130,40,2,11,9,3,10,9
130,40,2,20,9,3,3,9
130,40,4,6,9,3,7,9
130,91,2,11,4,6,10,6
130,40,2,6,9,3,10,3
130,40,2,20,14,3,10,3
131,40,2,13,9,7,10,24
131,40,2,13,8,7,10,22
131,40,2,11,12,6,10,21
131,99,2,11,12,6,10,21
131,40,2,11,12,6,10,12
131,40,4,6,9,7,10,12
131,100,2,17,14,7,3,10
131,40,2,11,9,3,3,9
131,40,2,13,9,3,10,9
131,40,2,6,9,3,4,9
131,40,4,11,19,7,10,9
131,40,2,20,9,8,7,6
131,48,2,6,9,8,10,5
131,40,2,13,9,7,3,3
131,40,2,20,9,7,3,3
131,28,4,6,9,7,4,3
132,40,2,3,14,6,10,33
132,99,2,11,5,4,10,28
132,40,2,13,9,7,10,18
132,40,2,13,8,7,10,16
132,40,2,17,14,3,3,12
132,40,2,11,12,6,10,12
132,40,2,11,12,6,10,9
132,40,2,13,12,7,10,9
132,40,2,13,9,7,10,7
132,99,4,11,9,6,10,7
132,40,2,13,8,7,10,6
132,40,2,13,8,7,10,6
132,100,2,17,14,7,10,6
132,40,2,11,12,6,3,3
132,40,2,6,9,7,10,3
132,40,2,6,8,9,10,1
133,40,2,3,14,6,10,30
133,99,2,11,5,4,10,21
133,15,2,11,12,4,10,18
133,40,2,13,9,7,10,12
133,99,2,11,5,4,10,12
133,40,2,3,14,3,10,9
133,40,4,17,14,3,3,9
133,99,2,11,5,4,10,9
133,40,2,11,12,6,10,9
133,40,2,13,8,7,10,9
133,40,2,13,9,7,10,9
133,40,2,11,12,6,10,9
133,40,2,15,14,3,3,9
133,40,2,11,12,6,10,9
133,40,2,13,8,7,10,3
133,40,2,17,12,6,10,3
134,40,2,3,14,6,10,27
134,99,2,11,5,4,10,22
134,99,2,11,5,4,10,18
134,99,2,11,5,4,1,18
134,40,2,3,14,6,10,12
134,40,2,3,14,4,10,12
134,40,2,13,9,7,10,10
134,40,2,3,14,3,10,9
134,40,2,3,14,3,10,9
134,15,2,11,12,4,3,9
134,15,2,17,14,4,3,9
134,40,2,14,14,3,3,9
134,40,2,16,9,7,6,6
134,99,2,11,5,4,5,6
134,40,1,17,14,3,10,2
134,63,2,11,5,4,10,0
135,40,2,3,14,6,10,28
135,40,2,3,14,4,10,28
135,99,2,11,5,4,10,16
135,40,1,13,9,7,10,15
135,99,2,11,5,4,10,12
135,40,2,11,14,4,1,10
135,99,2,11,14,4,10,9
135,66,2,13,14,6,8,9
135,40,2,3,14,7,10,8
135,40,2,3,5,6,10,8
135,99,2,11,5,4,10,7
135,40,2,3,14,4,1,6
135,36,3,11,5,4,10,6
135,40,2,3,5,4,8,5
135,40,2,13,14,4,10,3
135,99,2,3,5,6,10,2
136,40,2,3,14,6,10,27
136,40,2,3,14,4,10,24
136,40,2,11,14,4,10,21
136,99,2,11,9,8,10,14
136,40,2,3,14,6,10,12
136,99,2,11,14,7,10,12
136,40,2,3,14,4,10,12
136,99,2,11,5,4,10,10
136,40,2,4,5,4,10,8
136,40,2,14,14,4,10,7
136,29,1,13,9,7,10,6
136,40,1,13,9,3,3,6
136,99,2,11,14,4,10,6
136,40,2,3,11,6,10,5
136,89,2,13,5,4,10,4
136,40,2,3,14,4,1,0
137,40,2,3,16,4,10,25
137,40,2,3,14,4,10,21
137,40,2,3,14,6,10,21
137,8,3,11,14,7,10,18
137,40,2,3,14,6,10,12
137,40,2,3,14,4,10,12
137,99,2,11,14,8,10,10
137,40,2,3,14,6,10,9
137,81,2,11,14,7,10,9
137,40,2,11,14,4,10,9
137,40,2,3,14,4,10,9
137,40,2,3,10,6,10,7
137,99,2,11,9,8,10,7
137,99,2,11,9,7,10,4
137,40,2,19,1,4,10,3
137,99,2,3,9,8,10,1
138,44,1,3,14,4,10,22
138,40,3,11,2,7,10,19
138,40,2,5,14,8,5,17
138,40,2,3,14,4,10,14
138,8,2,11,1,4,10,9
138,40,3,11,14,4,10,9
138,40,2,3,14,4,10,9
138,40,2,3,16,4,8,9
138,40,2,3,14,6,10,9
138,40,2,3,10,8,10,9
138,40,2,3,14,4,10,9
138,49,2,3,14,4,10,9
138,40,2,3,14,6,10,7
138,99,2,3,14,6,10,7
138,40,2,3,14,4,10,6
138,40,2,3,16,4,10,5
139,40,1,3,4,4,3,26
139,8,2,5,14,8,5,21
139,40,1,3,14,4,5,21
139,44,1,3,14,4,10,20
139,40,3,0,14,3,10,11
139,40,3,11,14,9,10,8
139,40,2,3,14,4,10,8
139,40,2,3,14,4,6,7
139,40,3,11,2,7,10,7
139,40,2,11,14,4,10,7
139,8,3,10,1,4,10,6
139,40,1,5,2,8,5,6
139,40,2,3,14,4,10,6
139,8,2,11,2,7,10,6
139,40,3,11,2,3,10,5
139,8,3,5,1,4,10,0
140,40,1,3,4,4,3,33
140,44,1,3,14,4,4,22
140,40,1,3,14,4,3,17
140,40,3,0,14,1,10,15
140,40,3,11,14,4,10,12
140,8,2,5,14,8,5,11
140,8,2,5,14,8,7,10
140,40,2,18,14,4,3,10
140,44,1,3,10,4,10,9
140,40,2,3,14,4,10,8
140,40,1,11,4,4,10,6
140,40,1,9,14,4,10,5
140,40,3,0,14,3,1,5
140,8,2,15,14,8,5,4
140,40,2,19,14,4,0,1
140,40,3,3,14,1,5,1
141,40,1,3,14,4,3,26
141,36,3,3,14,4,10,24
141,40,1,0,4,1,5,21
141,40,1,3,4,4,6,16
141,44,1,3,14,4,4,10
141,40,3,11,14,4,10,9
141,8,2,5,15,8,7,9
141,40,1,3,4,4,3,9
141,44,1,6,15,4,10,9
141,8,2,5,4,8,5,8
141,8,1,2,14,9,7,7
141,40,2,0,14,1,5,7
141,40,3,3,4,4,3,6
141,40,2,0,14,8,10,6
141,8,2,3,14,4,4,4
141,40,3,11,13,4,4,4
142,40,1,16,4,1,6,24
142,40,1,3,14,4,3,22
142,44,1,3,14,4,3,19
142,40,1,3,14,4,3,18
142,40,3,3,14,7,10,10
142,40,1,3,14,4,6,9
142,8,1,3,14,4,7,9
142,78,1,5,15,4,1,9
142,40,3,3,14,4,10,8
142,36,3,3,14,4,10,8
142,46,2,3,14,4,4,8
142,40,1,3,4,1,5,7
142,40,3,10,14,1,10,7
142,40,3,2,9,1,4,4
142,8,2,3,15,4,7,4
142,36,3,11,14,8,10,3
143,40,1,3,14,4,3,24
143,8,1,3,14,4,3,22
143,40,1,3,14,4,3,19
143,40,1,16,4,1,6,18
143,40,3,3,14,7,10,12
143,40,1,3,14,4,7,12
143,40,1,3,14,4,3,10
143,8,1,3,14,5,3,9
143,40,1,3,14,4,3,9
143,40,1,3,14,1,6,9
143,8,1,3,14,4,7,9
143,44,1,3,14,4,6,7
143,40,1,16,4,4,6,6
143,44,1,11,14,4,3,5
143,40,3,3,14,7,5,3
143,44,1,3,4,4,10,2
144,40,1,3,14,1,3,23
144,40,1,3,14,4,3,22
144,81,1,3,14,4,3,21
144,8,1,3,14,4,3,18
144,8,1,3,14,4,3,13
144,30,1,3,14,4,7,12
144,40,1,3,14,1,3,9
144,40,1,0,14,4,3,9
144,40,1,3,14,4,7,9
144,40,1,16,4,1,3,9
144,40,1,3,4,4,9,7
144,8,1,3,14,4,10,7
144,8,1,3,14,4,0,6
144,40,1,4,4,0,6,5
144,40,3,16,14,4,6,3
144,40,1,3,14,7,6,3
145,30,1,3,14,5,3,21
145,68,1,3,14,4,3,21
145,25,1,3,14,4,3,18
145,40,1,3,14,4,3,18
145,81,1,3,14,1,3,12
145,40,1,3,14,1,3,12
145,8,1,3,14,4,3,9
145,40,1,3,14,4,3,9
145,40,1,3,14,4,3,9
145,8,1,3,14,4,7,9
145,86,1,3,14,4,3,9
145,40,1,3,14,4,3,9
145,30,1,3,14,0,7,7
145,40,1,3,14,4,10,6
145,8,1,3,14,8,3,5
145,8,1,3,14,4,0,0
146,40,1,7,14,4,3,24
146,30,1,3,14,5,3,22
146,40,1,3,14,4,3,16
146,63,1,3,14,4,1,16
146,25,1,3,14,3,3,13
146,8,1,3,14,1,3,9
146,25,1,3,14,5,3,9
146,68,1,3,20,4,3,9
146,18,1,3,14,1,3,9
146,30,1,3,14,5,3,9
146,25,1,3,19,4,3,9
146,8,1,3,14,4,3,7
146,68,1,3,14,4,3,7
146,68,1,3,14,4,3,7
146,81,4,3,10,1,3,4
146,40,1,3,10,4,3,3
147,40,1,20,18,4,3,30
147,74,1,7,14,4,3,19
147,95,1,3,14,4,1,18
147,40,1,7,14,4,3,18
147,8,3,3,14,1,3,12
147,40,1,7,14,4,3,11
147,30,1,3,14,5,3,10
147,25,1,0,14,4,3,9
147,63,1,3,14,4,4,7
147,30,1,3,14,4,3,7
147,40,1,3,14,4,3,7
147,40,1,3,14,4,0,6
147,25,1,3,14,5,3,5
147,40,1,3,14,4,3,5
147,8,1,3,7,6,0,3
147,8,4,3,14,3,3,1
148,40,1,20,18,4,3,24
148,40,1,7,14,4,3,20
148,30,1,3,14,5,3,20
148,40,1,7,14,6,3,18
148,74,1,7,14,4,3,10
148,40,1,20,18,4,3,10
148,40,1,7,14,10,3,9
148,74,4,7,14,4,1,9
148,74,4,7,17,4,3,8
148,16,1,3,14,4,3,8
148,30,1,3,14,5,3,7
148,33,1,7,18,7,3,7
148,8,1,7,14,4,10,6
148,40,1,7,14,4,3,5
148,8,3,3,14,1,3,5
148,95,3,3,14,0,3,4
149,74,2,7,14,4,3,26
149,40,1,20,10,4,3,21
149,40,1,20,18,4,3,20
149,40,1,20,18,4,6,20
149,40,4,7,14,4,3,11
149,40,1,20,18,4,3,10
149,57,1,20,18,4,3,10
149,40,1,7,14,6,5,9
149,40,1,7,14,4,3,7
149,40,1,3,14,5,3,7
149,40,1,7,14,4,3,7
149,30,1,3,14,5,3,6
149,40,1,7,16,6,3,6
149,30,1,3,14,0,3,5
149,40,1,3,14,3,3,3
149,74,1,7,14,4,3,1
150,40,2,20,14,4,3,30
150,40,4,20,14,4,3,30
150,41,2,7,18,4,3,21
150,40,1,20,18,4,6,13
150,40,1,20,18,4,6,12
150,74,2,7,14,4,3,11
150,40,4,7,14,3,3,9
150,57,1,20,10,4,3,9
150,40,1,16,10,4,3,9
150,40,1,20,10,4,3,6
150,40,1,20,10,4,3,6
150,40,1,19,18,4,6,6
150,40,1,7,18,4,3,5
150,24,1,7,14,4,3,5
150,57,1,7,14,4,3,3
150,40,1,7,18,4,3,0
151,40,4,20,14,4,3,27
151,40,2,7,18,4,6,22
151,40,4,20,18,4,3,21
151,53,1,20,14,4,3,18
151,40,2,20,14,4,3,12
151,40,2,7,15,4,6,10
151,41,4,7,18,4,3,9
151,98,2,20,14,4,3,9
151,40,2,7,18,4,3,9
151,74,4,7,14,3,3,9
151,40,1,7,14,4,3,8
151,40,2,6,14,2,3,6
151,40,1,20,14,0,6,4
151,74,4,7,14,10,3,4
151,40,2,7,18,4,10,4
151,40,2,20,18,4,0,0
152,40,2,3,18,6,3,25
152,40,2,20,14,4,6,24
152,40,4,20,14,4,3,21
152,40,2,7,18,4,6,19
152,40,4,20,18,4,3,15
152,40,2,7,18,4,6,12
152,41,2,7,18,4,6,12
152,40,2,20,18,4,6,9
152,40,2,7,15,4,3,9
152,40,4,20,11,4,2,9
152,40,2,7,15,4,3,6
152,40,4,20,14,9,3,6
152,40,2,7,14,4,3,6
152,53,1,20,14,4,3,3
152,53,1,20,14,4,3,3
152,40,4,7,18,4,3,0
153,40,4,7,14,4,6,21
153,40,2,3,18,6,3,19
153,45,2,20,18,4,3,18
153,40,4,20,17,4,6,18
153,40,4,7,18,6,3,12
153,44,2,20,14,4,6,9
153,89,2,7,18,4,6,9
153,40,4,20,18,2,6,9
153,17,4,20,11,4,3,9
153,40,2,20,14,4,6,9
153,41,2,3,18,6,6,9
153,40,4,20,14,4,3,9
153,40,2,20,14,4,6,9
153,41,2,7,18,4,6,8
153,40,4,3,18,4,3,7
153,40,4,7,18,4,3,3
154,37,4,7,2,1,3,30
154,40,4,20,14,4,9,24
154,45,2,20,14,4,6,15
154,65,4,20,14,4,6,12
154,89,2,20,18,4,3,12
154,40,4,7,14,4,6,9
154,47,2,3,18,6,6,9
154,40,4,7,18,1,3,9
154,40,2,3,18,6,3,9
154,89,2,20,18,4,6,9
154,40,4,7,14,4,6,9
154,40,4,7,18,6,3,9
154,11,4,20,17,4,6,9
154,40,2,3,18,6,3,9
154,40,4,14,18,4,3,6
154,45,2,20,18,10,0,0
155,37,4,7,16,4,6,25
155,89,2,20,18,4,6,24
155,47,2,3,14,4,6,22
155,37,4,7,14,4,9,19
155,65,2,20,14,4,6,15
155,37,4,7,2,1,3,12
155,40,4,9,14,4,6,12
155,65,2,3,14,4,6,9
155,40,1,7,14,6,6,9
155,19,1,3,18,4,2,6
155,37,4,20,14,1,3,6
155,40,4,20,14,4,9,6
155,37,4,0,2,1,9,4
155,40,2,20,14,4,9,3
155,46,2,20,14,4,0,3
155,45,1,20,14,4,5,3
156,47,2,7,14,4,6,24
156,37,4,7,16,4,6,22
156,18,2,20,14,4,6,18
156,4,4,7,2,1,9,17
156,65,2,3,14,4,6,10
156,65,1,3,14,4,6,10
156,89,2,20,18,4,6,9
156,89,3,9,14,4,6,9
156,40,4,20,18,4,6,9
156,37,4,7,14,4,6,9
156,37,4,20,14,4,6,9
156,89,2,20,14,4,6,9
156,37,4,7,14,4,9,8
156,37,4,7,14,4,3,6
156,37,4,18,14,4,9,4
156,37,4,7,2,1,1,3
157,6,1,3,14,4,6,21
157,47,2,7,14,4,6,21
157,4,2,3,14,4,6,21
157,18,2,20,14,4,6,18
157,87,1,3,14,4,6,12
157,65,2,3,14,4,6,12
157,37,4,7,16,4,6,10
157,4,2,7,18,4,9,10
157,47,2,7,14,5,6,9
157,37,4,20,16,4,6,9
157,18,2,20,14,4,6,9
157,89,2,20,6,4,6,9
157,47,4,7,14,4,6,9
157,58,4,3,14,4,6,4
157,4,4,7,14,1,6,4
157,89,4,20,2,1,9,0
158,47,2,7,14,4,6,24
158,4,2,3,14,4,6,24
158,47,2,7,14,4,6,24
158,6,1,3,5,4,6,15
158,4,2,3,17,4,6,12
158,6,4,17,14,4,6,12
158,28,4,3,16,4,6,10
158,65,2,3,2,4,6,9
158,65,2,3,14,4,6,9
158,87,2,3,14,4,6,9
158,37,2,20,14,4,6,9
158,6,1,3,14,4,6,9
158,82,4,3,14,5,6,6
158,87,2,3,7,4,6,6
158,68,2,7,14,4,2,1
158,87,1,3,0,4,6,0
159,6,1,17,5,4,7,33
159,4,1,3,17,4,6,24
159,47,2,3,14,4,6,19
159,4,2,3,14,4,6,16
159,6,2,3,14,4,6,12
159,47,2,7,14,4,6,12
159,47,2,7,14,4,6,9
159,28,4,20,16,4,6,9
159,47,2,7,20,4,6,9
159,47,4,18,14,4,6,9
159,47,2,7,14,8,4,7
159,6,2,3,14,4,6,6
159,47,2,3,17,4,6,6
159,6,1,3,5,4,6,3
159,28,4,3,14,4,6,2
159,6,2,3,5,4,6,0
160,6,1,17,5,4,7,24
160,4,1,15,17,4,6,23
160,6,1,3,17,4,7,21
160,47,3,7,14,4,6,20
160,11,1,17,5,4,7,15
160,79,2,4,17,6,9,10
160,43,2,3,14,4,6,10
160,47,4,3,14,4,6,8
160,4,2,3,14,4,6,7
160,47,2,7,14,4,6,7
160,6,2,3,14,4,6,7
160,35,2,3,15,2,6,6
160,6,4,3,14,4,7,4
160,4,1,3,17,4,6,4
160,6,2,3,14,4,6,1
160,6,2,17,14,4,7,1
161,6,1,15,5,4,6,27
161,6,1,3,5,4,4,27
161,6,4,17,5,4,6,21
161,6,1,15,5,4,7,15
161,11,1,3,17,4,7,14
161,79,2,4,17,6,9,10
161,6,1,15,5,4,6,9
161,6,1,17,5,4,7,9
161,47,2,3,14,4,6,8
161,43,3,7,14,4,6,7
161,6,2,3,5,4,2,6
161,11,1,17,5,4,7,6
161,79,2,4,17,3,9,6
161,4,1,15,17,4,6,4
161,47,2,3,14,4,6,3
161,47,3,3,14,4,6,3
162,6,1,15,5,4,6,27
162,6,1,15,5,4,6,24
162,79,1,15,17,4,9,16
162,11,1,3,17,4,7,14
162,6,1,15,5,4,6,12
162,6,4,17,16,4,4,9
162,6,1,15,5,4,7,9
162,6,1,17,5,4,4,9
162,79,1,15,5,4,9,9
162,6,3,4,5,6,6,9
162,28,1,3,5,4,6,9
162,6,1,3,5,4,4,8
162,97,1,4,5,10,6,7
162,6,4,3,11,4,0,6
162,6,4,15,5,4,7,6
162,11,1,13,17,4,7,2
163,6,4,15,5,4,6,24
163,6,1,15,5,4,6,21
163,6,4,17,16,4,4,18
163,11,1,3,17,4,7,17
163,51,1,15,5,4,6,9
163,6,1,15,5,4,6,9
163,6,1,15,5,4,6,9
163,79,1,15,17,4,9,9
163,1,4,17,16,4,4,9
163,67,1,3,17,4,7,9
163,6,1,15,5,4,6,9
163,6,1,15,5,4,6,9
163,6,1,3,17,7,7,7
163,6,1,15,15,4,6,6
163,79,2,15,17,4,9,6
163,6,1,3,5,4,7,5
164,6,4,15,5,4,6,24
164,99,1,15,5,4,6,24
164,6,1,15,5,4,6,21
164,6,4,15,5,4,6,21
164,7,2,15,5,4,6,12
164,6,4,15,16,4,6,12
164,6,4,17,16,4,6,12
164,6,1,15,5,4,6,9
164,6,1,17,16,4,6,9
164,6,4,15,5,4,6,9
164,55,1,15,5,4,6,6
164,6,1,15,5,4,6,6
164,11,1,3,17,4,7,4
164,6,1,11,14,4,6,4
164,35,1,3,6,4,7,3
164,11,1,15,17,4,7,3
165,77,4,15,5,10,6,27
165,6,4,2,5,4,6,19
165,7,4,15,5,4,6,18
165,6,4,15,5,4,6,18
165,72,4,15,5,4,6,12
165,6,1,15,19,4,6,10
165,99,1,15,5,4,6,9
165,6,2,15,5,4,6,9
165,6,4,17,16,4,6,9
165,99,1,15,5,4,6,9
165,10,1,15,5,7,6,9
165,6,4,15,16,4,6,6
165,7,2,15,5,4,6,6
165,6,4,17,16,4,6,6
165,6,1,15,5,4,6,6
165,6,4,15,12,4,0,6
166,6,4,15,5,10,6,24
166,77,4,15,5,10,6,21
166,72,4,4,5,4,6,21
166,99,2,15,5,4,6,15
166,99,4,15,5,4,6,12
166,6,1,15,19,4,5,9
166,77,4,17,5,4,6,9
166,6,1,15,5,4,2,9
166,6,1,15,5,4,6,9
166,6,4,2,5,4,6,9
166,6,4,15,5,4,6,9
166,72,4,15,5,4,6,9
166,6,2,2,5,4,6,7
166,6,4,15,5,4,6,6
166,77,4,2,5,10,6,6
166,6,1,15,19,4,6,4
167,6,4,15,5,10,6,30
167,77,4,15,5,10,6,27
167,6,4,12,5,10,6,15
167,77,1,15,5,4,5,12
167,18,4,15,5,4,6,12
167,99,1,9,5,4,6,10
167,99,1,15,5,4,6,9
167,72,2,15,5,4,6,9
167,6,1,15,5,10,5,9
167,99,4,15,5,4,6,9
167,77,4,17,5,4,6,9
167,7,2,4,5,4,1,9
167,72,2,15,5,4,6,7
167,99,4,15,5,4,6,6
167,99,2,15,5,4,6,3
167,77,4,15,5,1,6,3
168,6,1,12,17,4,6,27
168,77,4,15,5,10,6,21
168,77,4,15,5,10,7,18
168,6,4,12,5,4,6,15
168,93,4,15,5,10,6,9
168,77,1,9,5,4,5,9
168,77,1,9,5,4,5,9
168,18,4,15,5,4,6,9
168,18,4,15,5,4,6,9
168,6,4,12,5,4,6,9
168,77,4,15,5,10,6,9
168,99,1,15,5,4,6,9
168,99,1,15,5,4,6,9
168,6,4,15,5,10,6,6
168,77,1,15,5,4,5,6
168,6,4,15,5,10,6,6
169,77,3,9,5,4,5,33
169,93,4,12,17,10,6,24
169,6,4,15,5,10,6,21
169,93,2,12,5,4,6,21
169,77,4,15,5,10,6,12
169,6,1,12,5,10,6,9
169,6,1,12,17,4,6,9
169,77,4,15,5,2,6,9
169,77,4,15,5,10,6,6
169,77,1,9,5,4,5,6
169,77,4,15,5,10,6,6
169,17,1,9,5,4,5,6
169,77,1,12,5,4,6,6
169,77,1,9,5,4,5,6
169,77,1,9,19,4,6,3
169,77,1,3,5,10,10,3
170,77,3,9,5,4,5,30
170,93,4,15,5,10,6,24
170,6,1,15,5,10,6,24
170,77,4,15,5,10,6,18
170,93,4,12,17,10,6,12
170,93,2,15,17,10,6,9
170,77,4,12,17,10,9,9
170,93,1,12,5,10,6,9
170,6,4,15,17,10,6,6
170,17,4,12,5,10,6,6
170,77,3,9,5,10,6,6
170,93,1,12,5,4,6,6
170,6,3,9,16,4,6,6
170,93,4,12,5,3,6,6
170,77,3,12,5,4,5,6
170,6,1,9,5,4,5,3
171,93,3,15,15,10,6,27
171,77,3,9,5,4,5,24
171,77,2,15,15,10,6,21
171,93,4,9,17,4,5,15
171,64,2,15,5,4,6,12
171,93,2,15,17,10,6,12
171,77,2,15,17,10,6,9
171,77,4,15,17,10,9,9
171,93,4,15,5,10,6,9
171,6,4,17,17,10,6,9
171,77,4,15,5,10,6,9
171,6,1,12,19,10,6,9
171,93,4,12,5,4,6,6
171,6,1,15,5,2,6,6
171,77,4,12,5,0,6,3
171,93,3,9,5,10,5,0
172,75,3,9,5,4,6,33
172,77,3,9,5,4,5,27
172,93,2,15,17,10,6,18
172,77,2,15,17,10,6,15
172,64,2,20,16,4,8,15
172,93,2,14,17,8,8,9
172,23,3,9,4,4,5,9
172,93,3,15,15,3,6,9
172,77,2,15,17,4,6,9
172,77,2,15,5,4,6,9
172,93,2,15,17,1,5,6
172,93,3,15,15,10,6,6
172,77,2,15,17,10,6,6
172,8,3,15,15,10,6,3
172,64,4,1,5,6,5,3
172,77,3,15,15,10,5,3
173,75,2,9,5,4,8,27
173,77,2,6,17,10,6,25
173,77,3,9,5,4,5,24
173,64,2,11,4,4,8,19
173,75,4,9,5,4,6,12
173,77,3,9,5,4,6,12
173,93,2,14,5,4,8,9
173,77,3,9,4,4,5,9
173,75,3,9,5,4,6,9
173,23,4,20,16,4,8,9
173,77,2,15,17,10,6,6
173,23,3,9,5,4,5,6
173,97,2,14,16,4,10,3
173,77,2,15,17,7,6,3
173,93,2,15,4,1,6,3
173,93,2,14,17,8,8,3
174,75,2,9,5,4,8,30
174,77,2,6,17,10,6,28
174,77,3,9,5,4,6,19
174,75,4,9,5,4,6,18
174,77,2,6,17,10,6,12
174,64,2,3,4,4,8,10
174,93,3,9,5,4,5,9
174,75,2,9,5,4,8,9
174,75,2,9,5,4,8,9
174,75,4,9,17,10,6,9
174,77,3,16,5,4,5,9
174,93,2,9,5,4,4,6
174,75,2,5,5,4,6,6
174,101,2,11,4,4,8,4
174,75,2,14,20,4,8,0
174,77,3,9,5,10,6,0
175,75,2,9,5,4,8,29
175,64,2,9,4,4,8,22
175,93,3,3,5,4,8,19
175,93,3,9,5,4,5,18
175,77,2,6,17,10,6,10
175,77,2,6,20,10,3,10
175,77,3,15,5,4,6,9
175,77,2,6,17,10,6,9
175,64,2,3,5,4,8,7
175,77,3,9,5,4,6,7
175,75,4,6,18,10,6,7
175,93,4,9,5,3,5,6
175,77,3,14,5,4,8,6
175,77,3,9,17,10,6,6
175,77,4,9,5,10,9,6
175,64,3,3,4,4,5,4
176,77,2,6,17,10,7,30
176,64,2,9,5,4,8,25
176,75,2,9,5,4,8,21
176,61,3,9,20,10,3,18
176,77,3,6,17,10,3,12
176,64,2,9,5,4,8,12
176,64,2,9,4,4,8,9
176,77,2,9,17,10,6,9
176,77,2,15,17,10,6,9
176,77,3,15,5,4,6,6
176,93,3,3,5,4,8,6
176,93,3,6,5,4,3,6
176,64,3,9,4,4,5,6
176,93,3,3,5,4,8,4
176,77,3,15,5,4,2,3
176,64,3,9,4,1,5,3
177,64,4,9,19,4,8,25
177,77,2,6,17,10,7,24
177,64,2,6,12,10,8,18
177,64,2,6,17,4,7,15
177,77,2,6,17,4,7,11
177,64,2,9,4,4,8,10
177,75,2,9,5,4,8,9
177,75,4,9,5,1,8,9
177,64,2,9,5,4,8,9
177,64,2,9,5,4,8,9
177,64,2,9,5,4,8,8
177,77,2,6,5,10,8,7
177,61,3,6,20,10,3,7
177,61,3,9,20,10,3,6
177,77,3,6,20,10,3,4
177,77,3,6,17,2,3,2
178,75,2,9,10,4,8,30
178,77,2,6,17,10,7,22
178,59,4,9,19,4,7,20
178,51,2,6,12,10,8,19
178,64,4,9,19,4,8,12
178,37,4,9,19,10,7,11
178,64,2,6,4,4,8,9
178,77,2,9,20,10,7,9
178,64,2,6,17,4,8,8
178,64,2,6,17,2,7,8
178,64,4,6,6,4,7,8
178,64,3,6,17,4,8,5
178,77,2,6,19,4,7,5
178,75,2,9,5,4,8,4
178,67,2,6,12,10,7,1
178,64,2,6,12,10,7,0
179,75,2,9,10,4,8,30
179,77,2,6,17,10,7,25
179,75,2,9,10,4,8,21
179,64,2,9,19,4,8,13
179,64,4,9,4,4,4,12
179,51,2,9,12,10,8,9
179,77,2,6,17,4,7,9
179,37,2,9,19,10,7,9
179,75,2,9,10,4,8,9
179,59,1,9,17,4,7,9
179,95,2,1,19,4,8,9
179,64,2,6,4,4,8,6
179,37,4,9,19,4,7,6
179,37,4,9,19,4,7,6
179,37,4,6,17,10,7,6
179,51,1,6,0,10,8,0
180,75,2,9,10,4,8,27
180,75,2,9,10,4,8,24
180,64,2,9,10,4,8,24
180,51,3,9,12,4,8,12
180,77,2,6,17,10,7,12
180,75,2,9,9,4,8,12
180,77,4,6,4,4,6,12
180,51,2,9,10,10,8,11
180,77,4,6,4,4,4,10
180,51,2,9,12,4,2,9
180,77,2,6,17,10,7,9
180,53,2,9,12,4,8,6
180,75,2,9,19,4,8,5
180,64,2,6,17,4,7,2
180,77,3,6,17,4,7,1
180,12,4,6,4,10,7,0
181,75,2,14,10,4,8,30
181,64,2,9,10,4,8,21
181,75,2,9,10,4,8,21
181,75,2,9,10,4,8,15
181,64,2,9,10,4,8,15
181,22,2,9,10,4,8,15
181,77,2,6,17,10,7,12
181,77,4,6,4,6,6,9
181,75,2,9,10,4,8,9
181,51,1,9,12,4,8,9
181,75,2,9,12,4,8,6
181,52,2,9,10,4,8,6
181,75,2,9,10,4,8,6
181,77,2,6,17,2,7,3
181,51,2,9,12,4,8,3
181,77,4,1,4,4,6,0
182,51,2,6,10,10,6,36
182,77,2,14,10,4,8,27
182,75,2,14,10,4,8,24
182,75,2,14,5,10,8,15
182,75,2,9,10,4,8,9
182,75,3,14,10,4,8,9
182,64,3,9,10,4,8,9
182,75,2,9,10,4,8,9
182,64,2,9,10,4,8,9
182,74,2,9,10,4,8,6
182,90,2,9,10,4,8,6
182,22,2,9,10,4,8,6
182,64,2,9,10,10,8,6
182,64,2,9,10,4,8,6
182,22,2,7,10,4,8,3
182,64,2,9,17,10,8,0
183,51,2,6,10,10,6,27
183,51,2,6,10,10,6,27
183,75,4,14,5,4,8,27
183,75,3,14,10,4,8,12
183,77,4,14,10,4,8,12
183,77,2,14,10,4,8,9
183,77,2,14,10,4,8,9
183,64,3,9,10,4,8,9
183,75,2,16,10,4,8,9
183,75,4,14,10,4,8,9
183,75,2,14,5,10,8,9
183,64,3,9,10,3,8,6
183,75,2,14,10,10,8,6
183,75,1,14,10,10,6,3
183,77,3,14,10,4,8,3
183,51,4,14,10,4,6,3
184,77,2,6,10,4,6,27
184,2,2,14,10,8,8,24
184,75,4,6,5,4,6,24
184,77,2,14,10,4,8,18
184,51,2,6,10,4,6,12
184,51,2,6,10,10,6,12
184,51,2,6,10,10,6,12
184,77,2,14,10,4,8,9
184,77,3,14,10,4,8,9
184,75,4,6,5,10,8,9
184,51,2,6,4,4,6,9
184,50,3,14,10,4,8,6
184,77,3,14,10,4,8,6
184,51,2,14,10,4,6,3
184,77,4,14,10,4,6,0
184,31,3,14,10,4,9,0
185,77,1,6,10,10,6,33
185,77,3,6,10,10,6,33
185,51,2,6,10,10,6,21
185,51,2,6,10,8,6,15
185,77,2,6,10,4,6,12
185,77,2,6,10,4,6,9
185,2,2,14,10,8,8,9
185,2,2,14,2,8,8,9
185,75,2,6,5,10,6,6
185,51,2,6,10,4,6,6
185,2,2,14,10,8,8,6
185,77,2,7,12,4,8,6
185,77,2,5,18,4,8,4
185,77,4,14,10,4,6,4
185,75,2,6,5,10,6,3
185,51,4,6,10,6,6,3
186,77,1,6,10,10,8,32
186,77,1,6,10,10,6,27
186,77,2,6,10,4,6,19
186,99,3,6,10,8,8,10
186,77,1,1,10,3,6,10
186,4,2,6,10,1,6,10
186,77,3,6,10,10,6,9
186,2,2,12,10,10,6,9
186,51,2,6,10,8,6,9
186,96,2,6,10,8,6,9
186,77,4,6,10,4,5,9
186,77,2,14,10,8,8,9
186,37,2,6,10,5,6,7
186,77,2,6,10,4,8,4
186,51,2,6,10,10,2,3
186,77,3,6,10,9,6,0
187,57,3,14,10,1,6,31
187,77,1,6,10,10,8,24
187,57,1,1,10,10,6,22
187,77,3,6,10,10,8,15
187,77,1,6,16,10,6,13
187,77,1,6,10,10,6,12
187,77,1,6,10,10,8,10
187,5,2,1,10,3,6,8
187,77,3,0,10,4,6,8
187,4,2,6,10,4,6,7
187,4,1,6,10,1,6,7
187,77,1,6,10,10,6,6
187,99,3,0,17,8,8,6
187,77,2,6,10,1,6,4
187,77,2,6,10,8,6,0
187,77,1,6,10,10,5,0
188,57,3,14,10,1,6,30
188,57,3,14,10,1,6,30
188,57,3,14,10,1,6,27
188,77,1,6,10,10,8,12
188,77,1,6,10,10,8,12
188,1,3,6,7,10,1,9
188,77,1,6,10,10,8,9
188,77,1,6,10,10,8,9
188,57,1,1,10,10,6,6
188,77,1,6,10,10,8,6
188,77,3,6,10,10,6,6
188,77,1,6,10,4,6,6
188,7,1,6,10,10,8,6
188,57,1,6,10,10,8,6
188,77,1,6,16,10,6,3
188,77,3,6,10,10,8,3
189,57,3,14,10,1,6,33
189,57,3,14,10,1,6,27
189,77,1,17,10,1,8,21
189,77,1,14,10,1,8,12
189,57,1,14,10,10,8,12
189,77,1,14,10,10,8,12
189,1,1,6,10,10,8,12
189,57,3,14,10,1,6,12
189,77,3,6,10,1,6,9
189,77,3,6,7,10,1,9
189,77,1,6,10,10,1,6
189,57,3,3,10,1,6,6
189,77,1,6,10,1,6,3
189,77,3,6,7,10,3,3
189,77,1,14,10,1,8,3
189,77,3,3,10,10,8,0
190,57,3,19,10,1,8,30
190,57,3,14,10,1,8,27
190,57,3,14,10,1,6,27
190,57,3,14,10,1,6,15
190,57,2,14,10,1,6,15
190,77,1,14,10,1,8,12
190,57,1,14,10,1,8,12
190,77,1,14,10,1,8,12
190,77,1,17,10,1,8,6
190,77,1,14,10,1,8,6
190,37,1,14,10,1,6,6
190,57,1,14,16,10,6,6
190,57,1,17,10,1,9,3
190,1,1,17,10,1,8,3
190,1,1,6,4,1,8,0
190,1,1,14,10,10,8,0
191,57,3,14,9,1,6,27
191,57,3,14,10,1,8,24
191,57,3,14,10,1,6,21
191,57,3,13,10,1,8,18
191,57,2,14,15,1,6,15
191,57,3,14,10,1,8,12
191,57,3,12,10,1,8,12
191,57,3,19,10,1,8,9
191,57,2,14,10,1,6,9
191,57,3,14,10,1,6,9
191,57,1,14,10,1,6,6
191,57,1,14,10,1,8,6
191,57,3,19,10,1,0,6
191,57,1,14,10,1,8,3
191,77,1,20,10,1,8,3
191,17,1,14,10,1,8,0
192,57,3,13,10,6,8,21
192,57,3,14,9,1,6,18
192,57,3,14,10,6,8,18
192,10,3,14,10,1,8,18
192,57,3,13,10,1,8,9
192,57,2,14,10,1,6,9
192,57,2,14,10,1,8,9
192,57,3,14,10,1,6,9
192,57,3,12,10,1,8,9
192,57,3,14,10,1,8,9
192,5,3,14,15,1,6,9
192,57,2,14,15,0,6,9
192,57,3,13,10,1,8,9
192,57,3,14,9,1,6,9
192,57,3,14,10,1,6,9
192,57,3,7,10,1,6,6
193,57,2,13,10,6,8,30
193,57,3,14,10,1,6,18
193,57,3,14,9,1,6,18
193,57,3,13,10,1,8,15
193,57,3,13,10,6,8,9
193,93,2,14,10,6,8,9
193,10,3,14,10,6,8,9
193,57,3,13,10,1,8,9
193,57,2,14,20,1,6,9
193,57,3,14,9,1,6,9
193,57,2,14,10,1,6,9
193,57,3,14,9,1,6,9
193,10,3,9,10,1,6,9
193,57,3,14,10,6,8,6
193,57,3,14,10,1,8,6
193,57,3,13,10,6,8,6
194,57,3,10,7,6,8,30
194,57,2,13,10,6,8,27
194,10,3,14,10,1,10,18
194,10,3,13,10,6,8,15
194,57,2,13,10,6,8,15
194,57,2,14,10,6,8,12
194,57,3,14,10,1,6,9
194,57,3,14,10,1,6,9
194,57,3,14,10,1,6,9
194,57,3,14,10,1,6,9
194,40,3,14,10,1,6,9
194,57,2,6,9,6,8,6
194,12,3,13,3,6,8,6
194,57,3,14,10,6,8,3
194,57,4,13,10,6,8,3
194,57,2,14,12,10,4,0
195,57,3,10,7,6,8,27
195,57,2,13,10,6,8,27
195,57,3,13,10,6,8,16
195,57,3,10,7,6,8,12
195,57,4,14,10,6,8,12
195,57,2,13,10,6,8,12
195,57,2,14,10,1,10,11
195,34,3,14,10,6,10,9
195,57,3,13,10,6,8,9
195,57,3,10,1,6,8,9
195,57,2,13,10,6,8,9
195,10,2,2,10,6,8,6
195,57,3,12,10,6,8,6
195,10,2,4,10,1,10,4
195,57,1,14,10,6,8,4
195,57,3,10,10,1,8,3
196,57,2,13,10,6,8,24
196,57,2,10,11,6,8,24
196,57,2,13,10,6,8,24
196,57,3,10,7,6,8,24
196,57,2,13,10,6,8,15
196,57,2,13,10,6,8,12
196,57,2,14,10,1,9,9
196,57,4,10,7,6,8,9
196,57,3,10,7,0,8,9
196,30,3,7,10,6,8,6
196,57,2,14,10,1,10,6
196,57,2,13,10,10,8,6
196,57,3,13,17,6,5,3
196,57,3,10,10,6,8,3
196,57,4,14,10,6,8,3
196,57,4,14,13,6,8,3
197,57,2,13,7,6,8,24
197,57,3,10,7,6,8,21
197,57,2,13,10,6,8,21
197,57,3,13,2,6,8,19
197,57,2,13,10,6,8,12
197,57,2,13,10,6,8,10
197,57,2,10,11,6,8,9
197,57,2,10,11,6,8,9
197,57,2,13,10,1,9,9
197,57,2,13,10,6,8,9
197,57,4,13,10,6,8,9
197,2,2,10,11,1,8,7
197,57,2,10,10,1,9,6
197,57,2,14,10,1,8,6
197,57,2,13,10,0,8,4
197,46,2,10,10,6,8,3
198,57,1,13,10,6,8,33
198,57,2,13,10,6,8,21
198,57,2,10,7,6,8,21
198,57,3,10,7,6,8,18
198,89,2,12,7,6,8,15
198,57,2,13,7,6,8,12
198,57,2,13,10,6,8,12
198,9,3,13,2,6,8,12
198,57,3,10,7,6,8,9
198,57,3,10,7,6,8,9
198,57,2,13,7,6,8,6
198,57,2,10,11,6,8,6
198,57,3,10,2,6,8,3
198,57,2,13,10,6,6,3
198,57,2,13,11,6,8,0
198,57,2,13,6,6,8,0
199,57,1,13,10,6,8,30
199,57,1,13,10,6,8,27
199,57,1,13,10,6,8,27
199,57,2,10,7,6,8,15
199,89,2,10,7,6,8,12
199,57,2,13,10,6,8,12
199,57,2,10,7,6,8,10
199,37,2,13,10,6,8,9
199,57,2,12,7,6,8,9
199,57,2,13,7,6,8,6
199,57,2,19,10,6,8,6
199,57,2,12,7,6,8,6
199,57,3,10,7,6,8,6
199,57,4,1,10,6,8,4
199,57,3,13,5,6,8,0
199,15,3,10,7,5,8,0
